scene0440_00/scene0440_00-0.05.vox,scene0440_00/scene0440_00.colored_01-0.05.pkl
scene0024_02/scene0024_02-0.05.vox,scene0024_02/scene0024_02.colored_01-0.05.pkl
scene0628_00/scene0628_00-0.05.vox,scene0628_00/scene0628_00.colored_01-0.05.pkl
scene0533_01/scene0533_01-0.05.vox,scene0533_01/scene0533_01.colored_01-0.05.pkl
scene0557_01/scene0557_01-0.05.vox,scene0557_01/scene0557_01.colored_01-0.05.pkl
scene0092_03/scene0092_03-0.05.vox,scene0092_03/scene0092_03.colored_01-0.05.pkl
scene0223_00/scene0223_00-0.05.vox,scene0223_00/scene0223_00.colored_01-0.05.pkl
scene0131_02/scene0131_02-0.05.vox,scene0131_02/scene0131_02.colored_01-0.05.pkl
scene0574_02/scene0574_02-0.05.vox,scene0574_02/scene0574_02.colored_01-0.05.pkl
scene0386_00/scene0386_00-0.05.vox,scene0386_00/scene0386_00.colored_01-0.05.pkl
scene0395_00/scene0395_00-0.05.vox,scene0395_00/scene0395_00.colored_01-0.05.pkl
scene0043_01/scene0043_01-0.05.vox,scene0043_01/scene0043_01.colored_01-0.05.pkl
scene0395_01/scene0395_01-0.05.vox,scene0395_01/scene0395_01.colored_01-0.05.pkl
scene0705_01/scene0705_01-0.05.vox,scene0705_01/scene0705_01.colored_01-0.05.pkl
scene0184_00/scene0184_00-0.05.vox,scene0184_00/scene0184_00.colored_01-0.05.pkl
scene0691_01/scene0691_01-0.05.vox,scene0691_01/scene0691_01.colored_01-0.05.pkl
scene0027_00/scene0027_00-0.05.vox,scene0027_00/scene0027_00.colored_01-0.05.pkl
scene0121_00/scene0121_00-0.05.vox,scene0121_00/scene0121_00.colored_01-0.05.pkl
scene0676_01/scene0676_01-0.05.vox,scene0676_01/scene0676_01.colored_01-0.05.pkl
scene0522_00/scene0522_00-0.05.vox,scene0522_00/scene0522_00.colored_01-0.05.pkl
scene0219_00/scene0219_00-0.05.vox,scene0219_00/scene0219_00.colored_01-0.05.pkl
scene0286_03/scene0286_03-0.05.vox,scene0286_03/scene0286_03.colored_01-0.05.pkl
scene0109_00/scene0109_00-0.05.vox,scene0109_00/scene0109_00.colored_01-0.05.pkl
scene0268_02/scene0268_02-0.05.vox,scene0268_02/scene0268_02.colored_01-0.05.pkl
scene0675_00/scene0675_00-0.05.vox,scene0675_00/scene0675_00.colored_01-0.05.pkl
scene0361_00/scene0361_00-0.05.vox,scene0361_00/scene0361_00.colored_01-0.05.pkl
scene0139_00/scene0139_00-0.05.vox,scene0139_00/scene0139_00.colored_01-0.05.pkl
scene0671_00/scene0671_00-0.05.vox,scene0671_00/scene0671_00.colored_01-0.05.pkl
scene0508_01/scene0508_01-0.05.vox,scene0508_01/scene0508_01.colored_01-0.05.pkl
scene0547_02/scene0547_02-0.05.vox,scene0547_02/scene0547_02.colored_01-0.05.pkl
scene0040_00/scene0040_00-0.05.vox,scene0040_00/scene0040_00.colored_01-0.05.pkl
scene0585_01/scene0585_01-0.05.vox,scene0585_01/scene0585_01.colored_01-0.05.pkl
scene0218_01/scene0218_01-0.05.vox,scene0218_01/scene0218_01.colored_01-0.05.pkl
scene0472_01/scene0472_01-0.05.vox,scene0472_01/scene0472_01.colored_01-0.05.pkl
scene0631_02/scene0631_02-0.05.vox,scene0631_02/scene0631_02.colored_01-0.05.pkl
scene0505_00/scene0505_00-0.05.vox,scene0505_00/scene0505_00.colored_01-0.05.pkl
scene0296_00/scene0296_00-0.05.vox,scene0296_00/scene0296_00.colored_01-0.05.pkl
scene0312_00/scene0312_00-0.05.vox,scene0312_00/scene0312_00.colored_01-0.05.pkl
scene0355_01/scene0355_01-0.05.vox,scene0355_01/scene0355_01.colored_01-0.05.pkl
scene0606_00/scene0606_00-0.05.vox,scene0606_00/scene0606_00.colored_01-0.05.pkl
scene0100_02/scene0100_02-0.05.vox,scene0100_02/scene0100_02.colored_01-0.05.pkl
scene0371_00/scene0371_00-0.05.vox,scene0371_00/scene0371_00.colored_01-0.05.pkl
scene0693_00/scene0693_00-0.05.vox,scene0693_00/scene0693_00.colored_01-0.05.pkl
scene0692_00/scene0692_00-0.05.vox,scene0692_00/scene0692_00.colored_01-0.05.pkl
scene0236_01/scene0236_01-0.05.vox,scene0236_01/scene0236_01.colored_01-0.05.pkl
scene0291_01/scene0291_01-0.05.vox,scene0291_01/scene0291_01.colored_01-0.05.pkl
scene0161_02/scene0161_02-0.05.vox,scene0161_02/scene0161_02.colored_01-0.05.pkl
scene0527_00/scene0527_00-0.05.vox,scene0527_00/scene0527_00.colored_01-0.05.pkl
scene0116_01/scene0116_01-0.05.vox,scene0116_01/scene0116_01.colored_01-0.05.pkl
scene0683_00/scene0683_00-0.05.vox,scene0683_00/scene0683_00.colored_01-0.05.pkl
scene0514_01/scene0514_01-0.05.vox,scene0514_01/scene0514_01.colored_01-0.05.pkl
scene0549_01/scene0549_01-0.05.vox,scene0549_01/scene0549_01.colored_01-0.05.pkl
scene0396_00/scene0396_00-0.05.vox,scene0396_00/scene0396_00.colored_01-0.05.pkl
scene0662_01/scene0662_01-0.05.vox,scene0662_01/scene0662_01.colored_01-0.05.pkl
scene0029_00/scene0029_00-0.05.vox,scene0029_00/scene0029_00.colored_01-0.05.pkl
scene0350_00/scene0350_00-0.05.vox,scene0350_00/scene0350_00.colored_01-0.05.pkl
scene0498_00/scene0498_00-0.05.vox,scene0498_00/scene0498_00.colored_01-0.05.pkl
scene0363_00/scene0363_00-0.05.vox,scene0363_00/scene0363_00.colored_01-0.05.pkl
scene0136_00/scene0136_00-0.05.vox,scene0136_00/scene0136_00.colored_01-0.05.pkl
scene0587_00/scene0587_00-0.05.vox,scene0587_00/scene0587_00.colored_01-0.05.pkl
scene0017_01/scene0017_01-0.05.vox,scene0017_01/scene0017_01.colored_01-0.05.pkl
scene0472_02/scene0472_02-0.05.vox,scene0472_02/scene0472_02.colored_01-0.05.pkl
scene0688_00/scene0688_00-0.05.vox,scene0688_00/scene0688_00.colored_01-0.05.pkl
scene0439_00/scene0439_00-0.05.vox,scene0439_00/scene0439_00.colored_01-0.05.pkl
scene0134_01/scene0134_01-0.05.vox,scene0134_01/scene0134_01.colored_01-0.05.pkl
scene0423_02/scene0423_02-0.05.vox,scene0423_02/scene0423_02.colored_01-0.05.pkl
scene0490_00/scene0490_00-0.05.vox,scene0490_00/scene0490_00.colored_01-0.05.pkl
scene0255_01/scene0255_01-0.05.vox,scene0255_01/scene0255_01.colored_01-0.05.pkl
scene0693_02/scene0693_02-0.05.vox,scene0693_02/scene0693_02.colored_01-0.05.pkl
scene0501_02/scene0501_02-0.05.vox,scene0501_02/scene0501_02.colored_01-0.05.pkl
scene0087_00/scene0087_00-0.05.vox,scene0087_00/scene0087_00.colored_01-0.05.pkl
scene0502_01/scene0502_01-0.05.vox,scene0502_01/scene0502_01.colored_01-0.05.pkl
scene0068_00/scene0068_00-0.05.vox,scene0068_00/scene0068_00.colored_01-0.05.pkl
scene0192_01/scene0192_01-0.05.vox,scene0192_01/scene0192_01.colored_01-0.05.pkl
scene0054_00/scene0054_00-0.05.vox,scene0054_00/scene0054_00.colored_01-0.05.pkl
scene0173_00/scene0173_00-0.05.vox,scene0173_00/scene0173_00.colored_01-0.05.pkl
scene0421_02/scene0421_02-0.05.vox,scene0421_02/scene0421_02.colored_01-0.05.pkl
scene0400_00/scene0400_00-0.05.vox,scene0400_00/scene0400_00.colored_01-0.05.pkl
scene0405_00/scene0405_00-0.05.vox,scene0405_00/scene0405_00.colored_01-0.05.pkl
scene0013_02/scene0013_02-0.05.vox,scene0013_02/scene0013_02.colored_01-0.05.pkl
scene0049_00/scene0049_00-0.05.vox,scene0049_00/scene0049_00.colored_01-0.05.pkl
scene0447_00/scene0447_00-0.05.vox,scene0447_00/scene0447_00.colored_01-0.05.pkl
scene0510_01/scene0510_01-0.05.vox,scene0510_01/scene0510_01.colored_01-0.05.pkl
scene0511_01/scene0511_01-0.05.vox,scene0511_01/scene0511_01.colored_01-0.05.pkl
scene0055_00/scene0055_00-0.05.vox,scene0055_00/scene0055_00.colored_01-0.05.pkl
scene0614_00/scene0614_00-0.05.vox,scene0614_00/scene0614_00.colored_01-0.05.pkl
scene0615_01/scene0615_01-0.05.vox,scene0615_01/scene0615_01.colored_01-0.05.pkl
scene0313_01/scene0313_01-0.05.vox,scene0313_01/scene0313_01.colored_01-0.05.pkl
scene0002_01/scene0002_01-0.05.vox,scene0002_01/scene0002_01.colored_01-0.05.pkl
scene0250_01/scene0250_01-0.05.vox,scene0250_01/scene0250_01.colored_01-0.05.pkl
scene0214_01/scene0214_01-0.05.vox,scene0214_01/scene0214_01.colored_01-0.05.pkl
scene0118_02/scene0118_02-0.05.vox,scene0118_02/scene0118_02.colored_01-0.05.pkl
scene0571_00/scene0571_00-0.05.vox,scene0571_00/scene0571_00.colored_01-0.05.pkl
scene0127_00/scene0127_00-0.05.vox,scene0127_00/scene0127_00.colored_01-0.05.pkl
scene0277_02/scene0277_02-0.05.vox,scene0277_02/scene0277_02.colored_01-0.05.pkl
scene0698_00/scene0698_00-0.05.vox,scene0698_00/scene0698_00.colored_01-0.05.pkl
scene0168_00/scene0168_00-0.05.vox,scene0168_00/scene0168_00.colored_01-0.05.pkl
scene0630_05/scene0630_05-0.05.vox,scene0630_05/scene0630_05.colored_01-0.05.pkl
scene0077_01/scene0077_01-0.05.vox,scene0077_01/scene0077_01.colored_01-0.05.pkl
scene0513_00/scene0513_00-0.05.vox,scene0513_00/scene0513_00.colored_01-0.05.pkl
scene0523_02/scene0523_02-0.05.vox,scene0523_02/scene0523_02.colored_01-0.05.pkl
scene0114_00/scene0114_00-0.05.vox,scene0114_00/scene0114_00.colored_01-0.05.pkl
scene0264_01/scene0264_01-0.05.vox,scene0264_01/scene0264_01.colored_01-0.05.pkl
scene0001_01/scene0001_01-0.05.vox,scene0001_01/scene0001_01.colored_01-0.05.pkl
scene0379_00/scene0379_00-0.05.vox,scene0379_00/scene0379_00.colored_01-0.05.pkl
scene0540_01/scene0540_01-0.05.vox,scene0540_01/scene0540_01.colored_01-0.05.pkl
scene0698_01/scene0698_01-0.05.vox,scene0698_01/scene0698_01.colored_01-0.05.pkl
scene0188_00/scene0188_00-0.05.vox,scene0188_00/scene0188_00.colored_01-0.05.pkl
scene0474_05/scene0474_05-0.05.vox,scene0474_05/scene0474_05.colored_01-0.05.pkl
scene0554_01/scene0554_01-0.05.vox,scene0554_01/scene0554_01.colored_01-0.05.pkl
scene0152_00/scene0152_00-0.05.vox,scene0152_00/scene0152_00.colored_01-0.05.pkl
scene0181_00/scene0181_00-0.05.vox,scene0181_00/scene0181_00.colored_01-0.05.pkl
scene0670_00/scene0670_00-0.05.vox,scene0670_00/scene0670_00.colored_01-0.05.pkl
scene0287_00/scene0287_00-0.05.vox,scene0287_00/scene0287_00.colored_01-0.05.pkl
scene0301_02/scene0301_02-0.05.vox,scene0301_02/scene0301_02.colored_01-0.05.pkl
scene0610_00/scene0610_00-0.05.vox,scene0610_00/scene0610_00.colored_01-0.05.pkl
scene0293_00/scene0293_00-0.05.vox,scene0293_00/scene0293_00.colored_01-0.05.pkl
scene0087_01/scene0087_01-0.05.vox,scene0087_01/scene0087_01.colored_01-0.05.pkl
scene0406_01/scene0406_01-0.05.vox,scene0406_01/scene0406_01.colored_01-0.05.pkl
scene0030_01/scene0030_01-0.05.vox,scene0030_01/scene0030_01.colored_01-0.05.pkl
scene0123_00/scene0123_00-0.05.vox,scene0123_00/scene0123_00.colored_01-0.05.pkl
scene0256_00/scene0256_00-0.05.vox,scene0256_00/scene0256_00.colored_01-0.05.pkl
scene0081_01/scene0081_01-0.05.vox,scene0081_01/scene0081_01.colored_01-0.05.pkl
scene0265_01/scene0265_01-0.05.vox,scene0265_01/scene0265_01.colored_01-0.05.pkl
scene0589_00/scene0589_00-0.05.vox,scene0589_00/scene0589_00.colored_01-0.05.pkl
scene0630_04/scene0630_04-0.05.vox,scene0630_04/scene0630_04.colored_01-0.05.pkl
scene0347_02/scene0347_02-0.05.vox,scene0347_02/scene0347_02.colored_01-0.05.pkl
scene0628_01/scene0628_01-0.05.vox,scene0628_01/scene0628_01.colored_01-0.05.pkl
scene0506_00/scene0506_00-0.05.vox,scene0506_00/scene0506_00.colored_01-0.05.pkl
scene0066_00/scene0066_00-0.05.vox,scene0066_00/scene0066_00.colored_01-0.05.pkl
scene0095_01/scene0095_01-0.05.vox,scene0095_01/scene0095_01.colored_01-0.05.pkl
scene0704_01/scene0704_01-0.05.vox,scene0704_01/scene0704_01.colored_01-0.05.pkl
scene0071_00/scene0071_00-0.05.vox,scene0071_00/scene0071_00.colored_01-0.05.pkl
scene0511_00/scene0511_00-0.05.vox,scene0511_00/scene0511_00.colored_01-0.05.pkl
scene0320_00/scene0320_00-0.05.vox,scene0320_00/scene0320_00.colored_01-0.05.pkl
scene0218_00/scene0218_00-0.05.vox,scene0218_00/scene0218_00.colored_01-0.05.pkl
scene0068_01/scene0068_01-0.05.vox,scene0068_01/scene0068_01.colored_01-0.05.pkl
scene0202_00/scene0202_00-0.05.vox,scene0202_00/scene0202_00.colored_01-0.05.pkl
scene0036_00/scene0036_00-0.05.vox,scene0036_00/scene0036_00.colored_01-0.05.pkl
scene0468_00/scene0468_00-0.05.vox,scene0468_00/scene0468_00.colored_01-0.05.pkl
scene0377_01/scene0377_01-0.05.vox,scene0377_01/scene0377_01.colored_01-0.05.pkl
scene0663_00/scene0663_00-0.05.vox,scene0663_00/scene0663_00.colored_01-0.05.pkl
scene0286_01/scene0286_01-0.05.vox,scene0286_01/scene0286_01.colored_01-0.05.pkl
scene0222_00/scene0222_00-0.05.vox,scene0222_00/scene0222_00.colored_01-0.05.pkl
scene0502_00/scene0502_00-0.05.vox,scene0502_00/scene0502_00.colored_01-0.05.pkl
scene0519_00/scene0519_00-0.05.vox,scene0519_00/scene0519_00.colored_01-0.05.pkl
scene0679_00/scene0679_00-0.05.vox,scene0679_00/scene0679_00.colored_01-0.05.pkl
scene0264_00/scene0264_00-0.05.vox,scene0264_00/scene0264_00.colored_01-0.05.pkl
scene0611_00/scene0611_00-0.05.vox,scene0611_00/scene0611_00.colored_01-0.05.pkl
scene0288_02/scene0288_02-0.05.vox,scene0288_02/scene0288_02.colored_01-0.05.pkl
scene0435_00/scene0435_00-0.05.vox,scene0435_00/scene0435_00.colored_01-0.05.pkl
scene0655_00/scene0655_00-0.05.vox,scene0655_00/scene0655_00.colored_01-0.05.pkl
scene0112_00/scene0112_00-0.05.vox,scene0112_00/scene0112_00.colored_01-0.05.pkl
scene0413_00/scene0413_00-0.05.vox,scene0413_00/scene0413_00.colored_01-0.05.pkl
scene0064_01/scene0064_01-0.05.vox,scene0064_01/scene0064_01.colored_01-0.05.pkl
scene0485_00/scene0485_00-0.05.vox,scene0485_00/scene0485_00.colored_01-0.05.pkl
scene0346_00/scene0346_00-0.05.vox,scene0346_00/scene0346_00.colored_01-0.05.pkl
scene0121_01/scene0121_01-0.05.vox,scene0121_01/scene0121_01.colored_01-0.05.pkl
scene0378_00/scene0378_00-0.05.vox,scene0378_00/scene0378_00.colored_01-0.05.pkl
scene0051_00/scene0051_00-0.05.vox,scene0051_00/scene0051_00.colored_01-0.05.pkl
scene0680_01/scene0680_01-0.05.vox,scene0680_01/scene0680_01.colored_01-0.05.pkl
scene0169_01/scene0169_01-0.05.vox,scene0169_01/scene0169_01.colored_01-0.05.pkl
scene0662_02/scene0662_02-0.05.vox,scene0662_02/scene0662_02.colored_01-0.05.pkl
scene0464_00/scene0464_00-0.05.vox,scene0464_00/scene0464_00.colored_01-0.05.pkl
scene0262_00/scene0262_00-0.05.vox,scene0262_00/scene0262_00.colored_01-0.05.pkl
scene0365_01/scene0365_01-0.05.vox,scene0365_01/scene0365_01.colored_01-0.05.pkl
scene0677_00/scene0677_00-0.05.vox,scene0677_00/scene0677_00.colored_01-0.05.pkl
scene0134_00/scene0134_00-0.05.vox,scene0134_00/scene0134_00.colored_01-0.05.pkl
scene0027_01/scene0027_01-0.05.vox,scene0027_01/scene0027_01.colored_01-0.05.pkl
scene0681_00/scene0681_00-0.05.vox,scene0681_00/scene0681_00.colored_01-0.05.pkl
scene0152_01/scene0152_01-0.05.vox,scene0152_01/scene0152_01.colored_01-0.05.pkl
scene0695_03/scene0695_03-0.05.vox,scene0695_03/scene0695_03.colored_01-0.05.pkl
scene0682_00/scene0682_00-0.05.vox,scene0682_00/scene0682_00.colored_01-0.05.pkl
scene0543_00/scene0543_00-0.05.vox,scene0543_00/scene0543_00.colored_01-0.05.pkl
scene0475_02/scene0475_02-0.05.vox,scene0475_02/scene0475_02.colored_01-0.05.pkl
scene0052_02/scene0052_02-0.05.vox,scene0052_02/scene0052_02.colored_01-0.05.pkl
scene0432_01/scene0432_01-0.05.vox,scene0432_01/scene0432_01.colored_01-0.05.pkl
scene0541_00/scene0541_00-0.05.vox,scene0541_00/scene0541_00.colored_01-0.05.pkl
scene0353_01/scene0353_01-0.05.vox,scene0353_01/scene0353_01.colored_01-0.05.pkl
scene0310_01/scene0310_01-0.05.vox,scene0310_01/scene0310_01.colored_01-0.05.pkl
scene0336_00/scene0336_00-0.05.vox,scene0336_00/scene0336_00.colored_01-0.05.pkl
scene0631_00/scene0631_00-0.05.vox,scene0631_00/scene0631_00.colored_01-0.05.pkl
scene0584_02/scene0584_02-0.05.vox,scene0584_02/scene0584_02.colored_01-0.05.pkl
scene0259_01/scene0259_01-0.05.vox,scene0259_01/scene0259_01.colored_01-0.05.pkl
scene0128_00/scene0128_00-0.05.vox,scene0128_00/scene0128_00.colored_01-0.05.pkl
scene0645_00/scene0645_00-0.05.vox,scene0645_00/scene0645_00.colored_01-0.05.pkl
scene0625_00/scene0625_00-0.05.vox,scene0625_00/scene0625_00.colored_01-0.05.pkl
scene0302_00/scene0302_00-0.05.vox,scene0302_00/scene0302_00.colored_01-0.05.pkl
scene0620_01/scene0620_01-0.05.vox,scene0620_01/scene0620_01.colored_01-0.05.pkl
scene0415_01/scene0415_01-0.05.vox,scene0415_01/scene0415_01.colored_01-0.05.pkl
scene0420_00/scene0420_00-0.05.vox,scene0420_00/scene0420_00.colored_01-0.05.pkl
scene0369_01/scene0369_01-0.05.vox,scene0369_01/scene0369_01.colored_01-0.05.pkl
scene0015_00/scene0015_00-0.05.vox,scene0015_00/scene0015_00.colored_01-0.05.pkl
scene0268_01/scene0268_01-0.05.vox,scene0268_01/scene0268_01.colored_01-0.05.pkl
scene0138_00/scene0138_00-0.05.vox,scene0138_00/scene0138_00.colored_01-0.05.pkl
scene0421_01/scene0421_01-0.05.vox,scene0421_01/scene0421_01.colored_01-0.05.pkl
scene0207_02/scene0207_02-0.05.vox,scene0207_02/scene0207_02.colored_01-0.05.pkl
scene0204_00/scene0204_00-0.05.vox,scene0204_00/scene0204_00.colored_01-0.05.pkl
scene0233_00/scene0233_00-0.05.vox,scene0233_00/scene0233_00.colored_01-0.05.pkl
scene0518_00/scene0518_00-0.05.vox,scene0518_00/scene0518_00.colored_01-0.05.pkl
scene0540_02/scene0540_02-0.05.vox,scene0540_02/scene0540_02.colored_01-0.05.pkl
scene0024_00/scene0024_00-0.05.vox,scene0024_00/scene0024_00.colored_01-0.05.pkl
scene0310_00/scene0310_00-0.05.vox,scene0310_00/scene0310_00.colored_01-0.05.pkl
scene0144_00/scene0144_00-0.05.vox,scene0144_00/scene0144_00.colored_01-0.05.pkl
scene0377_00/scene0377_00-0.05.vox,scene0377_00/scene0377_00.colored_01-0.05.pkl
scene0609_03/scene0609_03-0.05.vox,scene0609_03/scene0609_03.colored_01-0.05.pkl
scene0556_00/scene0556_00-0.05.vox,scene0556_00/scene0556_00.colored_01-0.05.pkl
scene0240_00/scene0240_00-0.05.vox,scene0240_00/scene0240_00.colored_01-0.05.pkl
scene0642_03/scene0642_03-0.05.vox,scene0642_03/scene0642_03.colored_01-0.05.pkl
scene0418_00/scene0418_00-0.05.vox,scene0418_00/scene0418_00.colored_01-0.05.pkl
scene0124_00/scene0124_00-0.05.vox,scene0124_00/scene0124_00.colored_01-0.05.pkl
scene0451_05/scene0451_05-0.05.vox,scene0451_05/scene0451_05.colored_01-0.05.pkl
scene0134_02/scene0134_02-0.05.vox,scene0134_02/scene0134_02.colored_01-0.05.pkl
scene0253_00/scene0253_00-0.05.vox,scene0253_00/scene0253_00.colored_01-0.05.pkl
scene0326_00/scene0326_00-0.05.vox,scene0326_00/scene0326_00.colored_01-0.05.pkl
scene0398_00/scene0398_00-0.05.vox,scene0398_00/scene0398_00.colored_01-0.05.pkl
scene0126_00/scene0126_00-0.05.vox,scene0126_00/scene0126_00.colored_01-0.05.pkl
scene0551_00/scene0551_00-0.05.vox,scene0551_00/scene0551_00.colored_01-0.05.pkl
scene0690_01/scene0690_01-0.05.vox,scene0690_01/scene0690_01.colored_01-0.05.pkl
scene0131_01/scene0131_01-0.05.vox,scene0131_01/scene0131_01.colored_01-0.05.pkl
scene0529_02/scene0529_02-0.05.vox,scene0529_02/scene0529_02.colored_01-0.05.pkl
scene0327_00/scene0327_00-0.05.vox,scene0327_00/scene0327_00.colored_01-0.05.pkl
scene0377_02/scene0377_02-0.05.vox,scene0377_02/scene0377_02.colored_01-0.05.pkl
scene0170_02/scene0170_02-0.05.vox,scene0170_02/scene0170_02.colored_01-0.05.pkl
scene0013_01/scene0013_01-0.05.vox,scene0013_01/scene0013_01.colored_01-0.05.pkl
scene0696_02/scene0696_02-0.05.vox,scene0696_02/scene0696_02.colored_01-0.05.pkl
scene0446_01/scene0446_01-0.05.vox,scene0446_01/scene0446_01.colored_01-0.05.pkl
scene0168_01/scene0168_01-0.05.vox,scene0168_01/scene0168_01.colored_01-0.05.pkl
scene0493_00/scene0493_00-0.05.vox,scene0493_00/scene0493_00.colored_01-0.05.pkl
scene0385_00/scene0385_00-0.05.vox,scene0385_00/scene0385_00.colored_01-0.05.pkl
scene0093_00/scene0093_00-0.05.vox,scene0093_00/scene0093_00.colored_01-0.05.pkl
scene0369_02/scene0369_02-0.05.vox,scene0369_02/scene0369_02.colored_01-0.05.pkl
scene0044_02/scene0044_02-0.05.vox,scene0044_02/scene0044_02.colored_01-0.05.pkl
scene0206_02/scene0206_02-0.05.vox,scene0206_02/scene0206_02.colored_01-0.05.pkl
scene0091_00/scene0091_00-0.05.vox,scene0091_00/scene0091_00.colored_01-0.05.pkl
scene0238_01/scene0238_01-0.05.vox,scene0238_01/scene0238_01.colored_01-0.05.pkl
scene0619_00/scene0619_00-0.05.vox,scene0619_00/scene0619_00.colored_01-0.05.pkl
scene0211_00/scene0211_00-0.05.vox,scene0211_00/scene0211_00.colored_01-0.05.pkl
scene0647_01/scene0647_01-0.05.vox,scene0647_01/scene0647_01.colored_01-0.05.pkl
scene0578_02/scene0578_02-0.05.vox,scene0578_02/scene0578_02.colored_01-0.05.pkl
scene0604_00/scene0604_00-0.05.vox,scene0604_00/scene0604_00.colored_01-0.05.pkl
scene0055_02/scene0055_02-0.05.vox,scene0055_02/scene0055_02.colored_01-0.05.pkl
scene0164_01/scene0164_01-0.05.vox,scene0164_01/scene0164_01.colored_01-0.05.pkl
scene0292_01/scene0292_01-0.05.vox,scene0292_01/scene0292_01.colored_01-0.05.pkl
scene0016_02/scene0016_02-0.05.vox,scene0016_02/scene0016_02.colored_01-0.05.pkl
scene0672_00/scene0672_00-0.05.vox,scene0672_00/scene0672_00.colored_01-0.05.pkl
scene0488_01/scene0488_01-0.05.vox,scene0488_01/scene0488_01.colored_01-0.05.pkl
scene0092_00/scene0092_00-0.05.vox,scene0092_00/scene0092_00.colored_01-0.05.pkl
scene0012_00/scene0012_00-0.05.vox,scene0012_00/scene0012_00.colored_01-0.05.pkl
scene0510_00/scene0510_00-0.05.vox,scene0510_00/scene0510_00.colored_01-0.05.pkl
scene0396_02/scene0396_02-0.05.vox,scene0396_02/scene0396_02.colored_01-0.05.pkl
scene0462_00/scene0462_00-0.05.vox,scene0462_00/scene0462_00.colored_01-0.05.pkl
scene0482_00/scene0482_00-0.05.vox,scene0482_00/scene0482_00.colored_01-0.05.pkl
scene0359_00/scene0359_00-0.05.vox,scene0359_00/scene0359_00.colored_01-0.05.pkl
scene0272_01/scene0272_01-0.05.vox,scene0272_01/scene0272_01.colored_01-0.05.pkl
scene0443_00/scene0443_00-0.05.vox,scene0443_00/scene0443_00.colored_01-0.05.pkl
scene0347_01/scene0347_01-0.05.vox,scene0347_01/scene0347_01.colored_01-0.05.pkl
scene0591_00/scene0591_00-0.05.vox,scene0591_00/scene0591_00.colored_01-0.05.pkl
scene0195_00/scene0195_00-0.05.vox,scene0195_00/scene0195_00.colored_01-0.05.pkl
scene0181_03/scene0181_03-0.05.vox,scene0181_03/scene0181_03.colored_01-0.05.pkl
scene0011_01/scene0011_01-0.05.vox,scene0011_01/scene0011_01.colored_01-0.05.pkl
scene0697_02/scene0697_02-0.05.vox,scene0697_02/scene0697_02.colored_01-0.05.pkl
scene0073_01/scene0073_01-0.05.vox,scene0073_01/scene0073_01.colored_01-0.05.pkl
scene0089_02/scene0089_02-0.05.vox,scene0089_02/scene0089_02.colored_01-0.05.pkl
scene0404_00/scene0404_00-0.05.vox,scene0404_00/scene0404_00.colored_01-0.05.pkl
scene0084_02/scene0084_02-0.05.vox,scene0084_02/scene0084_02.colored_01-0.05.pkl
scene0032_00/scene0032_00-0.05.vox,scene0032_00/scene0032_00.colored_01-0.05.pkl
scene0010_00/scene0010_00-0.05.vox,scene0010_00/scene0010_00.colored_01-0.05.pkl
scene0206_00/scene0206_00-0.05.vox,scene0206_00/scene0206_00.colored_01-0.05.pkl
scene0229_00/scene0229_00-0.05.vox,scene0229_00/scene0229_00.colored_01-0.05.pkl
scene0045_00/scene0045_00-0.05.vox,scene0045_00/scene0045_00.colored_01-0.05.pkl
scene0200_01/scene0200_01-0.05.vox,scene0200_01/scene0200_01.colored_01-0.05.pkl
scene0150_00/scene0150_00-0.05.vox,scene0150_00/scene0150_00.colored_01-0.05.pkl
scene0411_00/scene0411_00-0.05.vox,scene0411_00/scene0411_00.colored_01-0.05.pkl
scene0270_01/scene0270_01-0.05.vox,scene0270_01/scene0270_01.colored_01-0.05.pkl
scene0172_01/scene0172_01-0.05.vox,scene0172_01/scene0172_01.colored_01-0.05.pkl
scene0458_01/scene0458_01-0.05.vox,scene0458_01/scene0458_01.colored_01-0.05.pkl
scene0609_00/scene0609_00-0.05.vox,scene0609_00/scene0609_00.colored_01-0.05.pkl
scene0456_00/scene0456_00-0.05.vox,scene0456_00/scene0456_00.colored_01-0.05.pkl
scene0645_02/scene0645_02-0.05.vox,scene0645_02/scene0645_02.colored_01-0.05.pkl
scene0660_00/scene0660_00-0.05.vox,scene0660_00/scene0660_00.colored_01-0.05.pkl
scene0609_02/scene0609_02-0.05.vox,scene0609_02/scene0609_02.colored_01-0.05.pkl
scene0409_01/scene0409_01-0.05.vox,scene0409_01/scene0409_01.colored_01-0.05.pkl
scene0241_02/scene0241_02-0.05.vox,scene0241_02/scene0241_02.colored_01-0.05.pkl
scene0035_00/scene0035_00-0.05.vox,scene0035_00/scene0035_00.colored_01-0.05.pkl
scene0166_02/scene0166_02-0.05.vox,scene0166_02/scene0166_02.colored_01-0.05.pkl
scene0597_00/scene0597_00-0.05.vox,scene0597_00/scene0597_00.colored_01-0.05.pkl
scene0073_03/scene0073_03-0.05.vox,scene0073_03/scene0073_03.colored_01-0.05.pkl
scene0448_00/scene0448_00-0.05.vox,scene0448_00/scene0448_00.colored_01-0.05.pkl
scene0061_01/scene0061_01-0.05.vox,scene0061_01/scene0061_01.colored_01-0.05.pkl
scene0004_00/scene0004_00-0.05.vox,scene0004_00/scene0004_00.colored_01-0.05.pkl
scene0355_00/scene0355_00-0.05.vox,scene0355_00/scene0355_00.colored_01-0.05.pkl
scene0288_01/scene0288_01-0.05.vox,scene0288_01/scene0288_01.colored_01-0.05.pkl
scene0392_00/scene0392_00-0.05.vox,scene0392_00/scene0392_00.colored_01-0.05.pkl
scene0646_00/scene0646_00-0.05.vox,scene0646_00/scene0646_00.colored_01-0.05.pkl
scene0108_00/scene0108_00-0.05.vox,scene0108_00/scene0108_00.colored_01-0.05.pkl
scene0686_00/scene0686_00-0.05.vox,scene0686_00/scene0686_00.colored_01-0.05.pkl
scene0391_00/scene0391_00-0.05.vox,scene0391_00/scene0391_00.colored_01-0.05.pkl
scene0314_00/scene0314_00-0.05.vox,scene0314_00/scene0314_00.colored_01-0.05.pkl
scene0703_01/scene0703_01-0.05.vox,scene0703_01/scene0703_01.colored_01-0.05.pkl
scene0461_00/scene0461_00-0.05.vox,scene0461_00/scene0461_00.colored_01-0.05.pkl
scene0118_01/scene0118_01-0.05.vox,scene0118_01/scene0118_01.colored_01-0.05.pkl
scene0400_01/scene0400_01-0.05.vox,scene0400_01/scene0400_01.colored_01-0.05.pkl
scene0025_01/scene0025_01-0.05.vox,scene0025_01/scene0025_01.colored_01-0.05.pkl
scene0570_01/scene0570_01-0.05.vox,scene0570_01/scene0570_01.colored_01-0.05.pkl
scene0230_00/scene0230_00-0.05.vox,scene0230_00/scene0230_00.colored_01-0.05.pkl
scene0323_01/scene0323_01-0.05.vox,scene0323_01/scene0323_01.colored_01-0.05.pkl
scene0058_01/scene0058_01-0.05.vox,scene0058_01/scene0058_01.colored_01-0.05.pkl
scene0419_00/scene0419_00-0.05.vox,scene0419_00/scene0419_00.colored_01-0.05.pkl
scene0020_00/scene0020_00-0.05.vox,scene0020_00/scene0020_00.colored_01-0.05.pkl
scene0596_01/scene0596_01-0.05.vox,scene0596_01/scene0596_01.colored_01-0.05.pkl
scene0038_00/scene0038_00-0.05.vox,scene0038_00/scene0038_00.colored_01-0.05.pkl
scene0291_00/scene0291_00-0.05.vox,scene0291_00/scene0291_00.colored_01-0.05.pkl
scene0587_01/scene0587_01-0.05.vox,scene0587_01/scene0587_01.colored_01-0.05.pkl
scene0145_00/scene0145_00-0.05.vox,scene0145_00/scene0145_00.colored_01-0.05.pkl
scene0690_00/scene0690_00-0.05.vox,scene0690_00/scene0690_00.colored_01-0.05.pkl
scene0697_01/scene0697_01-0.05.vox,scene0697_01/scene0697_01.colored_01-0.05.pkl
scene0604_02/scene0604_02-0.05.vox,scene0604_02/scene0604_02.colored_01-0.05.pkl
scene0479_02/scene0479_02-0.05.vox,scene0479_02/scene0479_02.colored_01-0.05.pkl
scene0250_02/scene0250_02-0.05.vox,scene0250_02/scene0250_02.colored_01-0.05.pkl
scene0249_00/scene0249_00-0.05.vox,scene0249_00/scene0249_00.colored_01-0.05.pkl
scene0281_00/scene0281_00-0.05.vox,scene0281_00/scene0281_00.colored_01-0.05.pkl
scene0489_01/scene0489_01-0.05.vox,scene0489_01/scene0489_01.colored_01-0.05.pkl
scene0008_00/scene0008_00-0.05.vox,scene0008_00/scene0008_00.colored_01-0.05.pkl
scene0380_01/scene0380_01-0.05.vox,scene0380_01/scene0380_01.colored_01-0.05.pkl
scene0408_01/scene0408_01-0.05.vox,scene0408_01/scene0408_01.colored_01-0.05.pkl
scene0000_02/scene0000_02-0.05.vox,scene0000_02/scene0000_02.colored_01-0.05.pkl
scene0029_02/scene0029_02-0.05.vox,scene0029_02/scene0029_02.colored_01-0.05.pkl
scene0574_00/scene0574_00-0.05.vox,scene0574_00/scene0574_00.colored_01-0.05.pkl
scene0402_00/scene0402_00-0.05.vox,scene0402_00/scene0402_00.colored_01-0.05.pkl
scene0303_01/scene0303_01-0.05.vox,scene0303_01/scene0303_01.colored_01-0.05.pkl
scene0312_02/scene0312_02-0.05.vox,scene0312_02/scene0312_02.colored_01-0.05.pkl
scene0265_00/scene0265_00-0.05.vox,scene0265_00/scene0265_00.colored_01-0.05.pkl
scene0537_00/scene0537_00-0.05.vox,scene0537_00/scene0537_00.colored_01-0.05.pkl
scene0381_02/scene0381_02-0.05.vox,scene0381_02/scene0381_02.colored_01-0.05.pkl
scene0375_02/scene0375_02-0.05.vox,scene0375_02/scene0375_02.colored_01-0.05.pkl
scene0375_00/scene0375_00-0.05.vox,scene0375_00/scene0375_00.colored_01-0.05.pkl
scene0368_01/scene0368_01-0.05.vox,scene0368_01/scene0368_01.colored_01-0.05.pkl
scene0633_01/scene0633_01-0.05.vox,scene0633_01/scene0633_01.colored_01-0.05.pkl
scene0483_00/scene0483_00-0.05.vox,scene0483_00/scene0483_00.colored_01-0.05.pkl
scene0235_00/scene0235_00-0.05.vox,scene0235_00/scene0235_00.colored_01-0.05.pkl
scene0445_01/scene0445_01-0.05.vox,scene0445_01/scene0445_01.colored_01-0.05.pkl
scene0630_02/scene0630_02-0.05.vox,scene0630_02/scene0630_02.colored_01-0.05.pkl
scene0635_00/scene0635_00-0.05.vox,scene0635_00/scene0635_00.colored_01-0.05.pkl
scene0613_02/scene0613_02-0.05.vox,scene0613_02/scene0613_02.colored_01-0.05.pkl
scene0337_00/scene0337_00-0.05.vox,scene0337_00/scene0337_00.colored_01-0.05.pkl
scene0132_01/scene0132_01-0.05.vox,scene0132_01/scene0132_01.colored_01-0.05.pkl
scene0151_01/scene0151_01-0.05.vox,scene0151_01/scene0151_01.colored_01-0.05.pkl
scene0336_01/scene0336_01-0.05.vox,scene0336_01/scene0336_01.colored_01-0.05.pkl
scene0177_01/scene0177_01-0.05.vox,scene0177_01/scene0177_01.colored_01-0.05.pkl
scene0378_02/scene0378_02-0.05.vox,scene0378_02/scene0378_02.colored_01-0.05.pkl
scene0597_01/scene0597_01-0.05.vox,scene0597_01/scene0597_01.colored_01-0.05.pkl
scene0622_00/scene0622_00-0.05.vox,scene0622_00/scene0622_00.colored_01-0.05.pkl
scene0123_01/scene0123_01-0.05.vox,scene0123_01/scene0123_01.colored_01-0.05.pkl
scene0209_01/scene0209_01-0.05.vox,scene0209_01/scene0209_01.colored_01-0.05.pkl
scene0174_00/scene0174_00-0.05.vox,scene0174_00/scene0174_00.colored_01-0.05.pkl
scene0673_03/scene0673_03-0.05.vox,scene0673_03/scene0673_03.colored_01-0.05.pkl
scene0383_00/scene0383_00-0.05.vox,scene0383_00/scene0383_00.colored_01-0.05.pkl
scene0393_02/scene0393_02-0.05.vox,scene0393_02/scene0393_02.colored_01-0.05.pkl
scene0509_01/scene0509_01-0.05.vox,scene0509_01/scene0509_01.colored_01-0.05.pkl
scene0492_00/scene0492_00-0.05.vox,scene0492_00/scene0492_00.colored_01-0.05.pkl
scene0644_00/scene0644_00-0.05.vox,scene0644_00/scene0644_00.colored_01-0.05.pkl
scene0697_03/scene0697_03-0.05.vox,scene0697_03/scene0697_03.colored_01-0.05.pkl
scene0050_02/scene0050_02-0.05.vox,scene0050_02/scene0050_02.colored_01-0.05.pkl
scene0385_01/scene0385_01-0.05.vox,scene0385_01/scene0385_01.colored_01-0.05.pkl
scene0304_00/scene0304_00-0.05.vox,scene0304_00/scene0304_00.colored_01-0.05.pkl
scene0563_00/scene0563_00-0.05.vox,scene0563_00/scene0563_00.colored_01-0.05.pkl
scene0203_02/scene0203_02-0.05.vox,scene0203_02/scene0203_02.colored_01-0.05.pkl
scene0540_00/scene0540_00-0.05.vox,scene0540_00/scene0540_00.colored_01-0.05.pkl
scene0153_01/scene0153_01-0.05.vox,scene0153_01/scene0153_01.colored_01-0.05.pkl
scene0099_01/scene0099_01-0.05.vox,scene0099_01/scene0099_01.colored_01-0.05.pkl
scene0439_01/scene0439_01-0.05.vox,scene0439_01/scene0439_01.colored_01-0.05.pkl
scene0309_00/scene0309_00-0.05.vox,scene0309_00/scene0309_00.colored_01-0.05.pkl
scene0609_01/scene0609_01-0.05.vox,scene0609_01/scene0609_01.colored_01-0.05.pkl
scene0007_00/scene0007_00-0.05.vox,scene0007_00/scene0007_00.colored_01-0.05.pkl
scene0263_01/scene0263_01-0.05.vox,scene0263_01/scene0263_01.colored_01-0.05.pkl
scene0600_02/scene0600_02-0.05.vox,scene0600_02/scene0600_02.colored_01-0.05.pkl
scene0260_01/scene0260_01-0.05.vox,scene0260_01/scene0260_01.colored_01-0.05.pkl
scene0046_00/scene0046_00-0.05.vox,scene0046_00/scene0046_00.colored_01-0.05.pkl
scene0060_01/scene0060_01-0.05.vox,scene0060_01/scene0060_01.colored_01-0.05.pkl
scene0700_02/scene0700_02-0.05.vox,scene0700_02/scene0700_02.colored_01-0.05.pkl
scene0039_01/scene0039_01-0.05.vox,scene0039_01/scene0039_01.colored_01-0.05.pkl
scene0521_00/scene0521_00-0.05.vox,scene0521_00/scene0521_00.colored_01-0.05.pkl
scene0692_01/scene0692_01-0.05.vox,scene0692_01/scene0692_01.colored_01-0.05.pkl
scene0279_00/scene0279_00-0.05.vox,scene0279_00/scene0279_00.colored_01-0.05.pkl
scene0588_03/scene0588_03-0.05.vox,scene0588_03/scene0588_03.colored_01-0.05.pkl
scene0136_02/scene0136_02-0.05.vox,scene0136_02/scene0136_02.colored_01-0.05.pkl
scene0317_00/scene0317_00-0.05.vox,scene0317_00/scene0317_00.colored_01-0.05.pkl
scene0538_00/scene0538_00-0.05.vox,scene0538_00/scene0538_00.colored_01-0.05.pkl
scene0557_02/scene0557_02-0.05.vox,scene0557_02/scene0557_02.colored_01-0.05.pkl
scene0073_02/scene0073_02-0.05.vox,scene0073_02/scene0073_02.colored_01-0.05.pkl
scene0132_02/scene0132_02-0.05.vox,scene0132_02/scene0132_02.colored_01-0.05.pkl
scene0602_00/scene0602_00-0.05.vox,scene0602_00/scene0602_00.colored_01-0.05.pkl
scene0276_01/scene0276_01-0.05.vox,scene0276_01/scene0276_01.colored_01-0.05.pkl
scene0301_00/scene0301_00-0.05.vox,scene0301_00/scene0301_00.colored_01-0.05.pkl
scene0586_01/scene0586_01-0.05.vox,scene0586_01/scene0586_01.colored_01-0.05.pkl
scene0647_00/scene0647_00-0.05.vox,scene0647_00/scene0647_00.colored_01-0.05.pkl
scene0277_01/scene0277_01-0.05.vox,scene0277_01/scene0277_01.colored_01-0.05.pkl
scene0560_00/scene0560_00-0.05.vox,scene0560_00/scene0560_00.colored_01-0.05.pkl
scene0144_01/scene0144_01-0.05.vox,scene0144_01/scene0144_01.colored_01-0.05.pkl
scene0534_01/scene0534_01-0.05.vox,scene0534_01/scene0534_01.colored_01-0.05.pkl
scene0059_02/scene0059_02-0.05.vox,scene0059_02/scene0059_02.colored_01-0.05.pkl
scene0517_01/scene0517_01-0.05.vox,scene0517_01/scene0517_01.colored_01-0.05.pkl
scene0136_01/scene0136_01-0.05.vox,scene0136_01/scene0136_01.colored_01-0.05.pkl
scene0213_00/scene0213_00-0.05.vox,scene0213_00/scene0213_00.colored_01-0.05.pkl
scene0653_00/scene0653_00-0.05.vox,scene0653_00/scene0653_00.colored_01-0.05.pkl
scene0191_02/scene0191_02-0.05.vox,scene0191_02/scene0191_02.colored_01-0.05.pkl
scene0216_00/scene0216_00-0.05.vox,scene0216_00/scene0216_00.colored_01-0.05.pkl
scene0655_02/scene0655_02-0.05.vox,scene0655_02/scene0655_02.colored_01-0.05.pkl
scene0295_00/scene0295_00-0.05.vox,scene0295_00/scene0295_00.colored_01-0.05.pkl
scene0642_02/scene0642_02-0.05.vox,scene0642_02/scene0642_02.colored_01-0.05.pkl
scene0131_00/scene0131_00-0.05.vox,scene0131_00/scene0131_00.colored_01-0.05.pkl
scene0316_00/scene0316_00-0.05.vox,scene0316_00/scene0316_00.colored_01-0.05.pkl
scene0482_01/scene0482_01-0.05.vox,scene0482_01/scene0482_01.colored_01-0.05.pkl
scene0252_00/scene0252_00-0.05.vox,scene0252_00/scene0252_00.colored_01-0.05.pkl
scene0530_00/scene0530_00-0.05.vox,scene0530_00/scene0530_00.colored_01-0.05.pkl
scene0155_02/scene0155_02-0.05.vox,scene0155_02/scene0155_02.colored_01-0.05.pkl
scene0591_01/scene0591_01-0.05.vox,scene0591_01/scene0591_01.colored_01-0.05.pkl
scene0160_03/scene0160_03-0.05.vox,scene0160_03/scene0160_03.colored_01-0.05.pkl
scene0481_00/scene0481_00-0.05.vox,scene0481_00/scene0481_00.colored_01-0.05.pkl
scene0325_01/scene0325_01-0.05.vox,scene0325_01/scene0325_01.colored_01-0.05.pkl
scene0536_02/scene0536_02-0.05.vox,scene0536_02/scene0536_02.colored_01-0.05.pkl
scene0101_02/scene0101_02-0.05.vox,scene0101_02/scene0101_02.colored_01-0.05.pkl
scene0320_01/scene0320_01-0.05.vox,scene0320_01/scene0320_01.colored_01-0.05.pkl
scene0705_02/scene0705_02-0.05.vox,scene0705_02/scene0705_02.colored_01-0.05.pkl
scene0515_00/scene0515_00-0.05.vox,scene0515_00/scene0515_00.colored_01-0.05.pkl
scene0339_00/scene0339_00-0.05.vox,scene0339_00/scene0339_00.colored_01-0.05.pkl
scene0092_01/scene0092_01-0.05.vox,scene0092_01/scene0092_01.colored_01-0.05.pkl
scene0520_01/scene0520_01-0.05.vox,scene0520_01/scene0520_01.colored_01-0.05.pkl
scene0025_00/scene0025_00-0.05.vox,scene0025_00/scene0025_00.colored_01-0.05.pkl
scene0393_00/scene0393_00-0.05.vox,scene0393_00/scene0393_00.colored_01-0.05.pkl
scene0351_00/scene0351_00-0.05.vox,scene0351_00/scene0351_00.colored_01-0.05.pkl
scene0300_01/scene0300_01-0.05.vox,scene0300_01/scene0300_01.colored_01-0.05.pkl
scene0306_00/scene0306_00-0.05.vox,scene0306_00/scene0306_00.colored_01-0.05.pkl
scene0503_00/scene0503_00-0.05.vox,scene0503_00/scene0503_00.colored_01-0.05.pkl
scene0478_01/scene0478_01-0.05.vox,scene0478_01/scene0478_01.colored_01-0.05.pkl
scene0171_01/scene0171_01-0.05.vox,scene0171_01/scene0171_01.colored_01-0.05.pkl
scene0081_00/scene0081_00-0.05.vox,scene0081_00/scene0081_00.colored_01-0.05.pkl
scene0224_00/scene0224_00-0.05.vox,scene0224_00/scene0224_00.colored_01-0.05.pkl
scene0470_01/scene0470_01-0.05.vox,scene0470_01/scene0470_01.colored_01-0.05.pkl
scene0220_00/scene0220_00-0.05.vox,scene0220_00/scene0220_00.colored_01-0.05.pkl
scene0426_01/scene0426_01-0.05.vox,scene0426_01/scene0426_01.colored_01-0.05.pkl
scene0072_02/scene0072_02-0.05.vox,scene0072_02/scene0072_02.colored_01-0.05.pkl
scene0006_02/scene0006_02-0.05.vox,scene0006_02/scene0006_02.colored_01-0.05.pkl
scene0397_00/scene0397_00-0.05.vox,scene0397_00/scene0397_00.colored_01-0.05.pkl
scene0129_00/scene0129_00-0.05.vox,scene0129_00/scene0129_00.colored_01-0.05.pkl
scene0174_01/scene0174_01-0.05.vox,scene0174_01/scene0174_01.colored_01-0.05.pkl
scene0221_00/scene0221_00-0.05.vox,scene0221_00/scene0221_00.colored_01-0.05.pkl
scene0426_03/scene0426_03-0.05.vox,scene0426_03/scene0426_03.colored_01-0.05.pkl
scene0474_00/scene0474_00-0.05.vox,scene0474_00/scene0474_00.colored_01-0.05.pkl
scene0626_00/scene0626_00-0.05.vox,scene0626_00/scene0626_00.colored_01-0.05.pkl
scene0653_01/scene0653_01-0.05.vox,scene0653_01/scene0653_01.colored_01-0.05.pkl
scene0141_02/scene0141_02-0.05.vox,scene0141_02/scene0141_02.colored_01-0.05.pkl
scene0666_01/scene0666_01-0.05.vox,scene0666_01/scene0666_01.colored_01-0.05.pkl
scene0376_01/scene0376_01-0.05.vox,scene0376_01/scene0376_01.colored_01-0.05.pkl
scene0450_00/scene0450_00-0.05.vox,scene0450_00/scene0450_00.colored_01-0.05.pkl
scene0228_00/scene0228_00-0.05.vox,scene0228_00/scene0228_00.colored_01-0.05.pkl
scene0368_00/scene0368_00-0.05.vox,scene0368_00/scene0368_00.colored_01-0.05.pkl
scene0628_02/scene0628_02-0.05.vox,scene0628_02/scene0628_02.colored_01-0.05.pkl
scene0614_02/scene0614_02-0.05.vox,scene0614_02/scene0614_02.colored_01-0.05.pkl
scene0273_01/scene0273_01-0.05.vox,scene0273_01/scene0273_01.colored_01-0.05.pkl
scene0596_00/scene0596_00-0.05.vox,scene0596_00/scene0596_00.colored_01-0.05.pkl
scene0416_01/scene0416_01-0.05.vox,scene0416_01/scene0416_01.colored_01-0.05.pkl
scene0588_00/scene0588_00-0.05.vox,scene0588_00/scene0588_00.colored_01-0.05.pkl
scene0257_00/scene0257_00-0.05.vox,scene0257_00/scene0257_00.colored_01-0.05.pkl
scene0331_01/scene0331_01-0.05.vox,scene0331_01/scene0331_01.colored_01-0.05.pkl
scene0155_01/scene0155_01-0.05.vox,scene0155_01/scene0155_01.colored_01-0.05.pkl
scene0694_01/scene0694_01-0.05.vox,scene0694_01/scene0694_01.colored_01-0.05.pkl
scene0062_02/scene0062_02-0.05.vox,scene0062_02/scene0062_02.colored_01-0.05.pkl
scene0398_01/scene0398_01-0.05.vox,scene0398_01/scene0398_01.colored_01-0.05.pkl
scene0275_00/scene0275_00-0.05.vox,scene0275_00/scene0275_00.colored_01-0.05.pkl
scene0546_00/scene0546_00-0.05.vox,scene0546_00/scene0546_00.colored_01-0.05.pkl
scene0539_01/scene0539_01-0.05.vox,scene0539_01/scene0539_01.colored_01-0.05.pkl
scene0289_01/scene0289_01-0.05.vox,scene0289_01/scene0289_01.colored_01-0.05.pkl
scene0048_00/scene0048_00-0.05.vox,scene0048_00/scene0048_00.colored_01-0.05.pkl
scene0167_00/scene0167_00-0.05.vox,scene0167_00/scene0167_00.colored_01-0.05.pkl
scene0158_01/scene0158_01-0.05.vox,scene0158_01/scene0158_01.colored_01-0.05.pkl
scene0607_00/scene0607_00-0.05.vox,scene0607_00/scene0607_00.colored_01-0.05.pkl
scene0621_00/scene0621_00-0.05.vox,scene0621_00/scene0621_00.colored_01-0.05.pkl
scene0466_00/scene0466_00-0.05.vox,scene0466_00/scene0466_00.colored_01-0.05.pkl
scene0239_01/scene0239_01-0.05.vox,scene0239_01/scene0239_01.colored_01-0.05.pkl
scene0664_01/scene0664_01-0.05.vox,scene0664_01/scene0664_01.colored_01-0.05.pkl
scene0613_01/scene0613_01-0.05.vox,scene0613_01/scene0613_01.colored_01-0.05.pkl
scene0434_02/scene0434_02-0.05.vox,scene0434_02/scene0434_02.colored_01-0.05.pkl
scene0583_02/scene0583_02-0.05.vox,scene0583_02/scene0583_02.colored_01-0.05.pkl
scene0674_01/scene0674_01-0.05.vox,scene0674_01/scene0674_01.colored_01-0.05.pkl
scene0147_01/scene0147_01-0.05.vox,scene0147_01/scene0147_01.colored_01-0.05.pkl
scene0345_00/scene0345_00-0.05.vox,scene0345_00/scene0345_00.colored_01-0.05.pkl
scene0573_01/scene0573_01-0.05.vox,scene0573_01/scene0573_01.colored_01-0.05.pkl
scene0236_00/scene0236_00-0.05.vox,scene0236_00/scene0236_00.colored_01-0.05.pkl
scene0422_00/scene0422_00-0.05.vox,scene0422_00/scene0422_00.colored_01-0.05.pkl
scene0528_01/scene0528_01-0.05.vox,scene0528_01/scene0528_01.colored_01-0.05.pkl
scene0297_01/scene0297_01-0.05.vox,scene0297_01/scene0297_01.colored_01-0.05.pkl
scene0695_02/scene0695_02-0.05.vox,scene0695_02/scene0695_02.colored_01-0.05.pkl
scene0110_01/scene0110_01-0.05.vox,scene0110_01/scene0110_01.colored_01-0.05.pkl
scene0232_00/scene0232_00-0.05.vox,scene0232_00/scene0232_00.colored_01-0.05.pkl
scene0525_01/scene0525_01-0.05.vox,scene0525_01/scene0525_01.colored_01-0.05.pkl
scene0164_03/scene0164_03-0.05.vox,scene0164_03/scene0164_03.colored_01-0.05.pkl
scene0234_00/scene0234_00-0.05.vox,scene0234_00/scene0234_00.colored_01-0.05.pkl
scene0695_00/scene0695_00-0.05.vox,scene0695_00/scene0695_00.colored_01-0.05.pkl
scene0381_00/scene0381_00-0.05.vox,scene0381_00/scene0381_00.colored_01-0.05.pkl
scene0586_02/scene0586_02-0.05.vox,scene0586_02/scene0586_02.colored_01-0.05.pkl
scene0500_01/scene0500_01-0.05.vox,scene0500_01/scene0500_01.colored_01-0.05.pkl
scene0340_00/scene0340_00-0.05.vox,scene0340_00/scene0340_00.colored_01-0.05.pkl
scene0608_02/scene0608_02-0.05.vox,scene0608_02/scene0608_02.colored_01-0.05.pkl
scene0592_00/scene0592_00-0.05.vox,scene0592_00/scene0592_00.colored_01-0.05.pkl
scene0702_01/scene0702_01-0.05.vox,scene0702_01/scene0702_01.colored_01-0.05.pkl
scene0318_00/scene0318_00-0.05.vox,scene0318_00/scene0318_00.colored_01-0.05.pkl
scene0704_00/scene0704_00-0.05.vox,scene0704_00/scene0704_00.colored_01-0.05.pkl
scene0367_01/scene0367_01-0.05.vox,scene0367_01/scene0367_01.colored_01-0.05.pkl
scene0295_01/scene0295_01-0.05.vox,scene0295_01/scene0295_01.colored_01-0.05.pkl
scene0669_00/scene0669_00-0.05.vox,scene0669_00/scene0669_00.colored_01-0.05.pkl
scene0463_01/scene0463_01-0.05.vox,scene0463_01/scene0463_01.colored_01-0.05.pkl
scene0457_02/scene0457_02-0.05.vox,scene0457_02/scene0457_02.colored_01-0.05.pkl
scene0233_01/scene0233_01-0.05.vox,scene0233_01/scene0233_01.colored_01-0.05.pkl
scene0554_00/scene0554_00-0.05.vox,scene0554_00/scene0554_00.colored_01-0.05.pkl
scene0552_00/scene0552_00-0.05.vox,scene0552_00/scene0552_00.colored_01-0.05.pkl
scene0480_00/scene0480_00-0.05.vox,scene0480_00/scene0480_00.colored_01-0.05.pkl
scene0693_01/scene0693_01-0.05.vox,scene0693_01/scene0693_01.colored_01-0.05.pkl
scene0520_00/scene0520_00-0.05.vox,scene0520_00/scene0520_00.colored_01-0.05.pkl
scene0003_01/scene0003_01-0.05.vox,scene0003_01/scene0003_01.colored_01-0.05.pkl
scene0613_00/scene0613_00-0.05.vox,scene0613_00/scene0613_00.colored_01-0.05.pkl
scene0334_01/scene0334_01-0.05.vox,scene0334_01/scene0334_01.colored_01-0.05.pkl
scene0198_00/scene0198_00-0.05.vox,scene0198_00/scene0198_00.colored_01-0.05.pkl
scene0242_00/scene0242_00-0.05.vox,scene0242_00/scene0242_00.colored_01-0.05.pkl
scene0334_00/scene0334_00-0.05.vox,scene0334_00/scene0334_00.colored_01-0.05.pkl
scene0033_00/scene0033_00-0.05.vox,scene0033_00/scene0033_00.colored_01-0.05.pkl
scene0101_01/scene0101_01-0.05.vox,scene0101_01/scene0101_01.colored_01-0.05.pkl
scene0582_01/scene0582_01-0.05.vox,scene0582_01/scene0582_01.colored_01-0.05.pkl
scene0576_00/scene0576_00-0.05.vox,scene0576_00/scene0576_00.colored_01-0.05.pkl
scene0229_02/scene0229_02-0.05.vox,scene0229_02/scene0229_02.colored_01-0.05.pkl
scene0543_01/scene0543_01-0.05.vox,scene0543_01/scene0543_01.colored_01-0.05.pkl
scene0473_00/scene0473_00-0.05.vox,scene0473_00/scene0473_00.colored_01-0.05.pkl
scene0593_01/scene0593_01-0.05.vox,scene0593_01/scene0593_01.colored_01-0.05.pkl
scene0370_01/scene0370_01-0.05.vox,scene0370_01/scene0370_01.colored_01-0.05.pkl
scene0263_00/scene0263_00-0.05.vox,scene0263_00/scene0263_00.colored_01-0.05.pkl
scene0294_02/scene0294_02-0.05.vox,scene0294_02/scene0294_02.colored_01-0.05.pkl
scene0375_01/scene0375_01-0.05.vox,scene0375_01/scene0375_01.colored_01-0.05.pkl
scene0089_01/scene0089_01-0.05.vox,scene0089_01/scene0089_01.colored_01-0.05.pkl
scene0165_00/scene0165_00-0.05.vox,scene0165_00/scene0165_00.colored_01-0.05.pkl
scene0608_00/scene0608_00-0.05.vox,scene0608_00/scene0608_00.colored_01-0.05.pkl
scene0180_00/scene0180_00-0.05.vox,scene0180_00/scene0180_00.colored_01-0.05.pkl
scene0244_00/scene0244_00-0.05.vox,scene0244_00/scene0244_00.colored_01-0.05.pkl
scene0426_02/scene0426_02-0.05.vox,scene0426_02/scene0426_02.colored_01-0.05.pkl
scene0603_01/scene0603_01-0.05.vox,scene0603_01/scene0603_01.colored_01-0.05.pkl
scene0212_00/scene0212_00-0.05.vox,scene0212_00/scene0212_00.colored_01-0.05.pkl
scene0122_00/scene0122_00-0.05.vox,scene0122_00/scene0122_00.colored_01-0.05.pkl
scene0154_00/scene0154_00-0.05.vox,scene0154_00/scene0154_00.colored_01-0.05.pkl
scene0185_00/scene0185_00-0.05.vox,scene0185_00/scene0185_00.colored_01-0.05.pkl
scene0492_01/scene0492_01-0.05.vox,scene0492_01/scene0492_01.colored_01-0.05.pkl
scene0579_02/scene0579_02-0.05.vox,scene0579_02/scene0579_02.colored_01-0.05.pkl
scene0201_01/scene0201_01-0.05.vox,scene0201_01/scene0201_01.colored_01-0.05.pkl
scene0247_00/scene0247_00-0.05.vox,scene0247_00/scene0247_00.colored_01-0.05.pkl
scene0526_01/scene0526_01-0.05.vox,scene0526_01/scene0526_01.colored_01-0.05.pkl
scene0588_02/scene0588_02-0.05.vox,scene0588_02/scene0588_02.colored_01-0.05.pkl
scene0279_02/scene0279_02-0.05.vox,scene0279_02/scene0279_02.colored_01-0.05.pkl
scene0337_01/scene0337_01-0.05.vox,scene0337_01/scene0337_01.colored_01-0.05.pkl
scene0420_02/scene0420_02-0.05.vox,scene0420_02/scene0420_02.colored_01-0.05.pkl
scene0587_02/scene0587_02-0.05.vox,scene0587_02/scene0587_02.colored_01-0.05.pkl
scene0207_00/scene0207_00-0.05.vox,scene0207_00/scene0207_00.colored_01-0.05.pkl
scene0544_00/scene0544_00-0.05.vox,scene0544_00/scene0544_00.colored_01-0.05.pkl
scene0365_00/scene0365_00-0.05.vox,scene0365_00/scene0365_00.colored_01-0.05.pkl
scene0605_00/scene0605_00-0.05.vox,scene0605_00/scene0605_00.colored_01-0.05.pkl
scene0045_01/scene0045_01-0.05.vox,scene0045_01/scene0045_01.colored_01-0.05.pkl
scene0675_01/scene0675_01-0.05.vox,scene0675_01/scene0675_01.colored_01-0.05.pkl
scene0692_04/scene0692_04-0.05.vox,scene0692_04/scene0692_04.colored_01-0.05.pkl
scene0311_00/scene0311_00-0.05.vox,scene0311_00/scene0311_00.colored_01-0.05.pkl
scene0387_01/scene0387_01-0.05.vox,scene0387_01/scene0387_01.colored_01-0.05.pkl
scene0399_01/scene0399_01-0.05.vox,scene0399_01/scene0399_01.colored_01-0.05.pkl
scene0248_02/scene0248_02-0.05.vox,scene0248_02/scene0248_02.colored_01-0.05.pkl
scene0141_00/scene0141_00-0.05.vox,scene0141_00/scene0141_00.colored_01-0.05.pkl
scene0126_01/scene0126_01-0.05.vox,scene0126_01/scene0126_01.colored_01-0.05.pkl
scene0508_00/scene0508_00-0.05.vox,scene0508_00/scene0508_00.colored_01-0.05.pkl
scene0102_01/scene0102_01-0.05.vox,scene0102_01/scene0102_01.colored_01-0.05.pkl
scene0532_00/scene0532_00-0.05.vox,scene0532_00/scene0532_00.colored_01-0.05.pkl
scene0673_02/scene0673_02-0.05.vox,scene0673_02/scene0673_02.colored_01-0.05.pkl
scene0654_01/scene0654_01-0.05.vox,scene0654_01/scene0654_01.colored_01-0.05.pkl
scene0340_02/scene0340_02-0.05.vox,scene0340_02/scene0340_02.colored_01-0.05.pkl
scene0589_01/scene0589_01-0.05.vox,scene0589_01/scene0589_01.colored_01-0.05.pkl
scene0420_01/scene0420_01-0.05.vox,scene0420_01/scene0420_01.colored_01-0.05.pkl
scene0000_00/scene0000_00-0.05.vox,scene0000_00/scene0000_00.colored_01-0.05.pkl
scene0338_02/scene0338_02-0.05.vox,scene0338_02/scene0338_02.colored_01-0.05.pkl
scene0618_00/scene0618_00-0.05.vox,scene0618_00/scene0618_00.colored_01-0.05.pkl
scene0411_02/scene0411_02-0.05.vox,scene0411_02/scene0411_02.colored_01-0.05.pkl
scene0567_01/scene0567_01-0.05.vox,scene0567_01/scene0567_01.colored_01-0.05.pkl
scene0411_01/scene0411_01-0.05.vox,scene0411_01/scene0411_01.colored_01-0.05.pkl
scene0152_02/scene0152_02-0.05.vox,scene0152_02/scene0152_02.colored_01-0.05.pkl
scene0358_00/scene0358_00-0.05.vox,scene0358_00/scene0358_00.colored_01-0.05.pkl
scene0022_00/scene0022_00-0.05.vox,scene0022_00/scene0022_00.colored_01-0.05.pkl
scene0100_00/scene0100_00-0.05.vox,scene0100_00/scene0100_00.colored_01-0.05.pkl
scene0299_00/scene0299_00-0.05.vox,scene0299_00/scene0299_00.colored_01-0.05.pkl
scene0474_04/scene0474_04-0.05.vox,scene0474_04/scene0474_04.colored_01-0.05.pkl
scene0459_00/scene0459_00-0.05.vox,scene0459_00/scene0459_00.colored_01-0.05.pkl
scene0370_02/scene0370_02-0.05.vox,scene0370_02/scene0370_02.colored_01-0.05.pkl
scene0569_01/scene0569_01-0.05.vox,scene0569_01/scene0569_01.colored_01-0.05.pkl
scene0568_01/scene0568_01-0.05.vox,scene0568_01/scene0568_01.colored_01-0.05.pkl
scene0550_00/scene0550_00-0.05.vox,scene0550_00/scene0550_00.colored_01-0.05.pkl
scene0523_00/scene0523_00-0.05.vox,scene0523_00/scene0523_00.colored_01-0.05.pkl
scene0392_02/scene0392_02-0.05.vox,scene0392_02/scene0392_02.colored_01-0.05.pkl
scene0200_02/scene0200_02-0.05.vox,scene0200_02/scene0200_02.colored_01-0.05.pkl
scene0284_00/scene0284_00-0.05.vox,scene0284_00/scene0284_00.colored_01-0.05.pkl
scene0122_01/scene0122_01-0.05.vox,scene0122_01/scene0122_01.colored_01-0.05.pkl
scene0019_01/scene0019_01-0.05.vox,scene0019_01/scene0019_01.colored_01-0.05.pkl
scene0158_02/scene0158_02-0.05.vox,scene0158_02/scene0158_02.colored_01-0.05.pkl
scene0173_02/scene0173_02-0.05.vox,scene0173_02/scene0173_02.colored_01-0.05.pkl
scene0092_02/scene0092_02-0.05.vox,scene0092_02/scene0092_02.colored_01-0.05.pkl
scene0260_00/scene0260_00-0.05.vox,scene0260_00/scene0260_00.colored_01-0.05.pkl
scene0666_00/scene0666_00-0.05.vox,scene0666_00/scene0666_00.colored_01-0.05.pkl
scene0079_00/scene0079_00-0.05.vox,scene0079_00/scene0079_00.colored_01-0.05.pkl
scene0312_01/scene0312_01-0.05.vox,scene0312_01/scene0312_01.colored_01-0.05.pkl
scene0084_00/scene0084_00-0.05.vox,scene0084_00/scene0084_00.colored_01-0.05.pkl
scene0449_00/scene0449_00-0.05.vox,scene0449_00/scene0449_00.colored_01-0.05.pkl
scene0187_00/scene0187_00-0.05.vox,scene0187_00/scene0187_00.colored_01-0.05.pkl
scene0567_00/scene0567_00-0.05.vox,scene0567_00/scene0567_00.colored_01-0.05.pkl
scene0038_02/scene0038_02-0.05.vox,scene0038_02/scene0038_02.colored_01-0.05.pkl
scene0348_00/scene0348_00-0.05.vox,scene0348_00/scene0348_00.colored_01-0.05.pkl
scene0043_00/scene0043_00-0.05.vox,scene0043_00/scene0043_00.colored_01-0.05.pkl
scene0031_02/scene0031_02-0.05.vox,scene0031_02/scene0031_02.colored_01-0.05.pkl
scene0629_01/scene0629_01-0.05.vox,scene0629_01/scene0629_01.colored_01-0.05.pkl
scene0477_01/scene0477_01-0.05.vox,scene0477_01/scene0477_01.colored_01-0.05.pkl
scene0436_00/scene0436_00-0.05.vox,scene0436_00/scene0436_00.colored_01-0.05.pkl
scene0250_00/scene0250_00-0.05.vox,scene0250_00/scene0250_00.colored_01-0.05.pkl
scene0559_00/scene0559_00-0.05.vox,scene0559_00/scene0559_00.colored_01-0.05.pkl
scene0415_02/scene0415_02-0.05.vox,scene0415_02/scene0415_02.colored_01-0.05.pkl
scene0382_00/scene0382_00-0.05.vox,scene0382_00/scene0382_00.colored_01-0.05.pkl
scene0274_02/scene0274_02-0.05.vox,scene0274_02/scene0274_02.colored_01-0.05.pkl
scene0150_01/scene0150_01-0.05.vox,scene0150_01/scene0150_01.colored_01-0.05.pkl
scene0242_02/scene0242_02-0.05.vox,scene0242_02/scene0242_02.colored_01-0.05.pkl
scene0626_02/scene0626_02-0.05.vox,scene0626_02/scene0626_02.colored_01-0.05.pkl
scene0194_00/scene0194_00-0.05.vox,scene0194_00/scene0194_00.colored_01-0.05.pkl
scene0005_01/scene0005_01-0.05.vox,scene0005_01/scene0005_01.colored_01-0.05.pkl
scene0046_01/scene0046_01-0.05.vox,scene0046_01/scene0046_01.colored_01-0.05.pkl
scene0349_00/scene0349_00-0.05.vox,scene0349_00/scene0349_00.colored_01-0.05.pkl
scene0348_02/scene0348_02-0.05.vox,scene0348_02/scene0348_02.colored_01-0.05.pkl
scene0086_00/scene0086_00-0.05.vox,scene0086_00/scene0086_00.colored_01-0.05.pkl
scene0035_01/scene0035_01-0.05.vox,scene0035_01/scene0035_01.colored_01-0.05.pkl
scene0038_01/scene0038_01-0.05.vox,scene0038_01/scene0038_01.colored_01-0.05.pkl
scene0151_00/scene0151_00-0.05.vox,scene0151_00/scene0151_00.colored_01-0.05.pkl
scene0686_02/scene0686_02-0.05.vox,scene0686_02/scene0686_02.colored_01-0.05.pkl
scene0106_02/scene0106_02-0.05.vox,scene0106_02/scene0106_02.colored_01-0.05.pkl
scene0302_01/scene0302_01-0.05.vox,scene0302_01/scene0302_01.colored_01-0.05.pkl
scene0050_00/scene0050_00-0.05.vox,scene0050_00/scene0050_00.colored_01-0.05.pkl
scene0301_01/scene0301_01-0.05.vox,scene0301_01/scene0301_01.colored_01-0.05.pkl
scene0558_00/scene0558_00-0.05.vox,scene0558_00/scene0558_00.colored_01-0.05.pkl
scene0444_00/scene0444_00-0.05.vox,scene0444_00/scene0444_00.colored_01-0.05.pkl
scene0278_01/scene0278_01-0.05.vox,scene0278_01/scene0278_01.colored_01-0.05.pkl
scene0598_02/scene0598_02-0.05.vox,scene0598_02/scene0598_02.colored_01-0.05.pkl
scene0183_00/scene0183_00-0.05.vox,scene0183_00/scene0183_00.colored_01-0.05.pkl
scene0342_00/scene0342_00-0.05.vox,scene0342_00/scene0342_00.colored_01-0.05.pkl
scene0597_02/scene0597_02-0.05.vox,scene0597_02/scene0597_02.colored_01-0.05.pkl
scene0078_02/scene0078_02-0.05.vox,scene0078_02/scene0078_02.colored_01-0.05.pkl
scene0673_01/scene0673_01-0.05.vox,scene0673_01/scene0673_01.colored_01-0.05.pkl
scene0217_00/scene0217_00-0.05.vox,scene0217_00/scene0217_00.colored_01-0.05.pkl
scene0307_01/scene0307_01-0.05.vox,scene0307_01/scene0307_01.colored_01-0.05.pkl
scene0313_02/scene0313_02-0.05.vox,scene0313_02/scene0313_02.colored_01-0.05.pkl
scene0689_00/scene0689_00-0.05.vox,scene0689_00/scene0689_00.colored_01-0.05.pkl
scene0505_02/scene0505_02-0.05.vox,scene0505_02/scene0505_02.colored_01-0.05.pkl
scene0205_01/scene0205_01-0.05.vox,scene0205_01/scene0205_01.colored_01-0.05.pkl
scene0630_03/scene0630_03-0.05.vox,scene0630_03/scene0630_03.colored_01-0.05.pkl
scene0365_02/scene0365_02-0.05.vox,scene0365_02/scene0365_02.colored_01-0.05.pkl
scene0469_00/scene0469_00-0.05.vox,scene0469_00/scene0469_00.colored_01-0.05.pkl
scene0137_00/scene0137_00-0.05.vox,scene0137_00/scene0137_00.colored_01-0.05.pkl
scene0599_00/scene0599_00-0.05.vox,scene0599_00/scene0599_00.colored_01-0.05.pkl
scene0261_02/scene0261_02-0.05.vox,scene0261_02/scene0261_02.colored_01-0.05.pkl
scene0677_01/scene0677_01-0.05.vox,scene0677_01/scene0677_01.colored_01-0.05.pkl
scene0003_02/scene0003_02-0.05.vox,scene0003_02/scene0003_02.colored_01-0.05.pkl
scene0209_00/scene0209_00-0.05.vox,scene0209_00/scene0209_00.colored_01-0.05.pkl
scene0208_00/scene0208_00-0.05.vox,scene0208_00/scene0208_00.colored_01-0.05.pkl
scene0137_02/scene0137_02-0.05.vox,scene0137_02/scene0137_02.colored_01-0.05.pkl
scene0553_01/scene0553_01-0.05.vox,scene0553_01/scene0553_01.colored_01-0.05.pkl
scene0247_01/scene0247_01-0.05.vox,scene0247_01/scene0247_01.colored_01-0.05.pkl
scene0231_02/scene0231_02-0.05.vox,scene0231_02/scene0231_02.colored_01-0.05.pkl
scene0426_00/scene0426_00-0.05.vox,scene0426_00/scene0426_00.colored_01-0.05.pkl
scene0700_01/scene0700_01-0.05.vox,scene0700_01/scene0700_01.colored_01-0.05.pkl
scene0010_01/scene0010_01-0.05.vox,scene0010_01/scene0010_01.colored_01-0.05.pkl
scene0349_01/scene0349_01-0.05.vox,scene0349_01/scene0349_01.colored_01-0.05.pkl
scene0261_00/scene0261_00-0.05.vox,scene0261_00/scene0261_00.colored_01-0.05.pkl
scene0140_01/scene0140_01-0.05.vox,scene0140_01/scene0140_01.colored_01-0.05.pkl
scene0181_02/scene0181_02-0.05.vox,scene0181_02/scene0181_02.colored_01-0.05.pkl
scene0478_00/scene0478_00-0.05.vox,scene0478_00/scene0478_00.colored_01-0.05.pkl
scene0177_02/scene0177_02-0.05.vox,scene0177_02/scene0177_02.colored_01-0.05.pkl
scene0095_00/scene0095_00-0.05.vox,scene0095_00/scene0095_00.colored_01-0.05.pkl
scene0190_00/scene0190_00-0.05.vox,scene0190_00/scene0190_00.colored_01-0.05.pkl
scene0023_00/scene0023_00-0.05.vox,scene0023_00/scene0023_00.colored_01-0.05.pkl
scene0581_00/scene0581_00-0.05.vox,scene0581_00/scene0581_00.colored_01-0.05.pkl
scene0459_01/scene0459_01-0.05.vox,scene0459_01/scene0459_01.colored_01-0.05.pkl
scene0479_01/scene0479_01-0.05.vox,scene0479_01/scene0479_01.colored_01-0.05.pkl
scene0282_01/scene0282_01-0.05.vox,scene0282_01/scene0282_01.colored_01-0.05.pkl
scene0187_01/scene0187_01-0.05.vox,scene0187_01/scene0187_01.colored_01-0.05.pkl
scene0595_00/scene0595_00-0.05.vox,scene0595_00/scene0595_00.colored_01-0.05.pkl
scene0685_02/scene0685_02-0.05.vox,scene0685_02/scene0685_02.colored_01-0.05.pkl
scene0114_02/scene0114_02-0.05.vox,scene0114_02/scene0114_02.colored_01-0.05.pkl
scene0059_01/scene0059_01-0.05.vox,scene0059_01/scene0059_01.colored_01-0.05.pkl
scene0325_00/scene0325_00-0.05.vox,scene0325_00/scene0325_00.colored_01-0.05.pkl
scene0147_00/scene0147_00-0.05.vox,scene0147_00/scene0147_00.colored_01-0.05.pkl
scene0053_00/scene0053_00-0.05.vox,scene0053_00/scene0053_00.colored_01-0.05.pkl
scene0064_00/scene0064_00-0.05.vox,scene0064_00/scene0064_00.colored_01-0.05.pkl
scene0451_04/scene0451_04-0.05.vox,scene0451_04/scene0451_04.colored_01-0.05.pkl
scene0357_01/scene0357_01-0.05.vox,scene0357_01/scene0357_01.colored_01-0.05.pkl
scene0664_00/scene0664_00-0.05.vox,scene0664_00/scene0664_00.colored_01-0.05.pkl
scene0060_00/scene0060_00-0.05.vox,scene0060_00/scene0060_00.colored_01-0.05.pkl
scene0418_01/scene0418_01-0.05.vox,scene0418_01/scene0418_01.colored_01-0.05.pkl
scene0656_01/scene0656_01-0.05.vox,scene0656_01/scene0656_01.colored_01-0.05.pkl
scene0367_00/scene0367_00-0.05.vox,scene0367_00/scene0367_00.colored_01-0.05.pkl
scene0362_01/scene0362_01-0.05.vox,scene0362_01/scene0362_01.colored_01-0.05.pkl
scene0578_01/scene0578_01-0.05.vox,scene0578_01/scene0578_01.colored_01-0.05.pkl
scene0649_01/scene0649_01-0.05.vox,scene0649_01/scene0649_01.colored_01-0.05.pkl
scene0666_02/scene0666_02-0.05.vox,scene0666_02/scene0666_02.colored_01-0.05.pkl
scene0703_00/scene0703_00-0.05.vox,scene0703_00/scene0703_00.colored_01-0.05.pkl
scene0113_00/scene0113_00-0.05.vox,scene0113_00/scene0113_00.colored_01-0.05.pkl
scene0243_00/scene0243_00-0.05.vox,scene0243_00/scene0243_00.colored_01-0.05.pkl
scene0186_00/scene0186_00-0.05.vox,scene0186_00/scene0186_00.colored_01-0.05.pkl
scene0668_00/scene0668_00-0.05.vox,scene0668_00/scene0668_00.colored_01-0.05.pkl
scene0403_01/scene0403_01-0.05.vox,scene0403_01/scene0403_01.colored_01-0.05.pkl
scene0268_00/scene0268_00-0.05.vox,scene0268_00/scene0268_00.colored_01-0.05.pkl
scene0197_02/scene0197_02-0.05.vox,scene0197_02/scene0197_02.colored_01-0.05.pkl
scene0454_00/scene0454_00-0.05.vox,scene0454_00/scene0454_00.colored_01-0.05.pkl
scene0493_01/scene0493_01-0.05.vox,scene0493_01/scene0493_01.colored_01-0.05.pkl
scene0137_01/scene0137_01-0.05.vox,scene0137_01/scene0137_01.colored_01-0.05.pkl
scene0199_00/scene0199_00-0.05.vox,scene0199_00/scene0199_00.colored_01-0.05.pkl
scene0029_01/scene0029_01-0.05.vox,scene0029_01/scene0029_01.colored_01-0.05.pkl
scene0037_00/scene0037_00-0.05.vox,scene0037_00/scene0037_00.colored_01-0.05.pkl
scene0297_00/scene0297_00-0.05.vox,scene0297_00/scene0297_00.colored_01-0.05.pkl
scene0572_02/scene0572_02-0.05.vox,scene0572_02/scene0572_02.colored_01-0.05.pkl
scene0576_01/scene0576_01-0.05.vox,scene0576_01/scene0576_01.colored_01-0.05.pkl
scene0286_02/scene0286_02-0.05.vox,scene0286_02/scene0286_02.colored_01-0.05.pkl
scene0562_00/scene0562_00-0.05.vox,scene0562_00/scene0562_00.colored_01-0.05.pkl
scene0048_01/scene0048_01-0.05.vox,scene0048_01/scene0048_01.colored_01-0.05.pkl
scene0227_00/scene0227_00-0.05.vox,scene0227_00/scene0227_00.colored_01-0.05.pkl
scene0211_01/scene0211_01-0.05.vox,scene0211_01/scene0211_01.colored_01-0.05.pkl
scene0172_00/scene0172_00-0.05.vox,scene0172_00/scene0172_00.colored_01-0.05.pkl
scene0177_00/scene0177_00-0.05.vox,scene0177_00/scene0177_00.colored_01-0.05.pkl
scene0210_01/scene0210_01-0.05.vox,scene0210_01/scene0210_01.colored_01-0.05.pkl
scene0344_01/scene0344_01-0.05.vox,scene0344_01/scene0344_01.colored_01-0.05.pkl
scene0170_01/scene0170_01-0.05.vox,scene0170_01/scene0170_01.colored_01-0.05.pkl
scene0372_00/scene0372_00-0.05.vox,scene0372_00/scene0372_00.colored_01-0.05.pkl
scene0651_02/scene0651_02-0.05.vox,scene0651_02/scene0651_02.colored_01-0.05.pkl
scene0582_02/scene0582_02-0.05.vox,scene0582_02/scene0582_02.colored_01-0.05.pkl
scene0429_00/scene0429_00-0.05.vox,scene0429_00/scene0429_00.colored_01-0.05.pkl
scene0229_01/scene0229_01-0.05.vox,scene0229_01/scene0229_01.colored_01-0.05.pkl
scene0626_01/scene0626_01-0.05.vox,scene0626_01/scene0626_01.colored_01-0.05.pkl
scene0382_01/scene0382_01-0.05.vox,scene0382_01/scene0382_01.colored_01-0.05.pkl
scene0027_02/scene0027_02-0.05.vox,scene0027_02/scene0027_02.colored_01-0.05.pkl
scene0376_00/scene0376_00-0.05.vox,scene0376_00/scene0376_00.colored_01-0.05.pkl
scene0034_00/scene0034_00-0.05.vox,scene0034_00/scene0034_00.colored_01-0.05.pkl
scene0074_02/scene0074_02-0.05.vox,scene0074_02/scene0074_02.colored_01-0.05.pkl
scene0232_01/scene0232_01-0.05.vox,scene0232_01/scene0232_01.colored_01-0.05.pkl
scene0157_00/scene0157_00-0.05.vox,scene0157_00/scene0157_00.colored_01-0.05.pkl
scene0026_00/scene0026_00-0.05.vox,scene0026_00/scene0026_00.colored_01-0.05.pkl
scene0673_05/scene0673_05-0.05.vox,scene0673_05/scene0673_05.colored_01-0.05.pkl
scene0672_01/scene0672_01-0.05.vox,scene0672_01/scene0672_01.colored_01-0.05.pkl
scene0011_00/scene0011_00-0.05.vox,scene0011_00/scene0011_00.colored_01-0.05.pkl
scene0165_02/scene0165_02-0.05.vox,scene0165_02/scene0165_02.colored_01-0.05.pkl
scene0501_01/scene0501_01-0.05.vox,scene0501_01/scene0501_01.colored_01-0.05.pkl
scene0570_00/scene0570_00-0.05.vox,scene0570_00/scene0570_00.colored_01-0.05.pkl
scene0424_00/scene0424_00-0.05.vox,scene0424_00/scene0424_00.colored_01-0.05.pkl
scene0488_00/scene0488_00-0.05.vox,scene0488_00/scene0488_00.colored_01-0.05.pkl
scene0654_00/scene0654_00-0.05.vox,scene0654_00/scene0654_00.colored_01-0.05.pkl
scene0273_00/scene0273_00-0.05.vox,scene0273_00/scene0273_00.colored_01-0.05.pkl
scene0673_00/scene0673_00-0.05.vox,scene0673_00/scene0673_00.colored_01-0.05.pkl
scene0274_01/scene0274_01-0.05.vox,scene0274_01/scene0274_01.colored_01-0.05.pkl
scene0517_02/scene0517_02-0.05.vox,scene0517_02/scene0517_02.colored_01-0.05.pkl
scene0221_01/scene0221_01-0.05.vox,scene0221_01/scene0221_01.colored_01-0.05.pkl
scene0651_01/scene0651_01-0.05.vox,scene0651_01/scene0651_01.colored_01-0.05.pkl
scene0018_00/scene0018_00-0.05.vox,scene0018_00/scene0018_00.colored_01-0.05.pkl
scene0274_00/scene0274_00-0.05.vox,scene0274_00/scene0274_00.colored_01-0.05.pkl
scene0000_01/scene0000_01-0.05.vox,scene0000_01/scene0000_01.colored_01-0.05.pkl
scene0457_01/scene0457_01-0.05.vox,scene0457_01/scene0457_01.colored_01-0.05.pkl
scene0561_00/scene0561_00-0.05.vox,scene0561_00/scene0561_00.colored_01-0.05.pkl
scene0545_00/scene0545_00-0.05.vox,scene0545_00/scene0545_00.colored_01-0.05.pkl
scene0599_01/scene0599_01-0.05.vox,scene0599_01/scene0599_01.colored_01-0.05.pkl
scene0352_01/scene0352_01-0.05.vox,scene0352_01/scene0352_01.colored_01-0.05.pkl
scene0337_02/scene0337_02-0.05.vox,scene0337_02/scene0337_02.colored_01-0.05.pkl
scene0074_00/scene0074_00-0.05.vox,scene0074_00/scene0074_00.colored_01-0.05.pkl
scene0559_02/scene0559_02-0.05.vox,scene0559_02/scene0559_02.colored_01-0.05.pkl
scene0394_01/scene0394_01-0.05.vox,scene0394_01/scene0394_01.colored_01-0.05.pkl
scene0691_00/scene0691_00-0.05.vox,scene0691_00/scene0691_00.colored_01-0.05.pkl
scene0425_01/scene0425_01-0.05.vox,scene0425_01/scene0425_01.colored_01-0.05.pkl
scene0192_02/scene0192_02-0.05.vox,scene0192_02/scene0192_02.colored_01-0.05.pkl
scene0019_00/scene0019_00-0.05.vox,scene0019_00/scene0019_00.colored_01-0.05.pkl
scene0335_00/scene0335_00-0.05.vox,scene0335_00/scene0335_00.colored_01-0.05.pkl
scene0191_00/scene0191_00-0.05.vox,scene0191_00/scene0191_00.colored_01-0.05.pkl
scene0620_00/scene0620_00-0.05.vox,scene0620_00/scene0620_00.colored_01-0.05.pkl
scene0589_02/scene0589_02-0.05.vox,scene0589_02/scene0589_02.colored_01-0.05.pkl
scene0025_02/scene0025_02-0.05.vox,scene0025_02/scene0025_02.colored_01-0.05.pkl
scene0577_00/scene0577_00-0.05.vox,scene0577_00/scene0577_00.colored_01-0.05.pkl
scene0330_00/scene0330_00-0.05.vox,scene0330_00/scene0330_00.colored_01-0.05.pkl
scene0348_01/scene0348_01-0.05.vox,scene0348_01/scene0348_01.colored_01-0.05.pkl
scene0678_02/scene0678_02-0.05.vox,scene0678_02/scene0678_02.colored_01-0.05.pkl
scene0231_00/scene0231_00-0.05.vox,scene0231_00/scene0231_00.colored_01-0.05.pkl
scene0404_01/scene0404_01-0.05.vox,scene0404_01/scene0404_01.colored_01-0.05.pkl
scene0197_01/scene0197_01-0.05.vox,scene0197_01/scene0197_01.colored_01-0.05.pkl
scene0271_01/scene0271_01-0.05.vox,scene0271_01/scene0271_01.colored_01-0.05.pkl
scene0659_00/scene0659_00-0.05.vox,scene0659_00/scene0659_00.colored_01-0.05.pkl
scene0663_01/scene0663_01-0.05.vox,scene0663_01/scene0663_01.colored_01-0.05.pkl
scene0168_02/scene0168_02-0.05.vox,scene0168_02/scene0168_02.colored_01-0.05.pkl
scene0088_02/scene0088_02-0.05.vox,scene0088_02/scene0088_02.colored_01-0.05.pkl
scene0070_00/scene0070_00-0.05.vox,scene0070_00/scene0070_00.colored_01-0.05.pkl
scene0610_02/scene0610_02-0.05.vox,scene0610_02/scene0610_02.colored_01-0.05.pkl
scene0307_02/scene0307_02-0.05.vox,scene0307_02/scene0307_02.colored_01-0.05.pkl
scene0403_00/scene0403_00-0.05.vox,scene0403_00/scene0403_00.colored_01-0.05.pkl
scene0052_00/scene0052_00-0.05.vox,scene0052_00/scene0052_00.colored_01-0.05.pkl
scene0515_01/scene0515_01-0.05.vox,scene0515_01/scene0515_01.colored_01-0.05.pkl
scene0457_00/scene0457_00-0.05.vox,scene0457_00/scene0457_00.colored_01-0.05.pkl
scene0663_02/scene0663_02-0.05.vox,scene0663_02/scene0663_02.colored_01-0.05.pkl
scene0396_01/scene0396_01-0.05.vox,scene0396_01/scene0396_01.colored_01-0.05.pkl
scene0030_00/scene0030_00-0.05.vox,scene0030_00/scene0030_00.colored_01-0.05.pkl
scene0440_01/scene0440_01-0.05.vox,scene0440_01/scene0440_01.colored_01-0.05.pkl
scene0115_01/scene0115_01-0.05.vox,scene0115_01/scene0115_01.colored_01-0.05.pkl
scene0516_01/scene0516_01-0.05.vox,scene0516_01/scene0516_01.colored_01-0.05.pkl
scene0088_01/scene0088_01-0.05.vox,scene0088_01/scene0088_01.colored_01-0.05.pkl
scene0474_02/scene0474_02-0.05.vox,scene0474_02/scene0474_02.colored_01-0.05.pkl
scene0553_02/scene0553_02-0.05.vox,scene0553_02/scene0553_02.colored_01-0.05.pkl
scene0601_00/scene0601_00-0.05.vox,scene0601_00/scene0601_00.colored_01-0.05.pkl
scene0424_02/scene0424_02-0.05.vox,scene0424_02/scene0424_02.colored_01-0.05.pkl
scene0446_00/scene0446_00-0.05.vox,scene0446_00/scene0446_00.colored_01-0.05.pkl
scene0096_01/scene0096_01-0.05.vox,scene0096_01/scene0096_01.colored_01-0.05.pkl
scene0296_01/scene0296_01-0.05.vox,scene0296_01/scene0296_01.colored_01-0.05.pkl
scene0394_00/scene0394_00-0.05.vox,scene0394_00/scene0394_00.colored_01-0.05.pkl
scene0256_01/scene0256_01-0.05.vox,scene0256_01/scene0256_01.colored_01-0.05.pkl
scene0107_00/scene0107_00-0.05.vox,scene0107_00/scene0107_00.colored_01-0.05.pkl
scene0166_00/scene0166_00-0.05.vox,scene0166_00/scene0166_00.colored_01-0.05.pkl
scene0664_02/scene0664_02-0.05.vox,scene0664_02/scene0664_02.colored_01-0.05.pkl
scene0512_00/scene0512_00-0.05.vox,scene0512_00/scene0512_00.colored_01-0.05.pkl
scene0013_00/scene0013_00-0.05.vox,scene0013_00/scene0013_00.colored_01-0.05.pkl
scene0505_01/scene0505_01-0.05.vox,scene0505_01/scene0505_01.colored_01-0.05.pkl
scene0440_02/scene0440_02-0.05.vox,scene0440_02/scene0440_02.colored_01-0.05.pkl
scene0576_02/scene0576_02-0.05.vox,scene0576_02/scene0576_02.colored_01-0.05.pkl
scene0419_02/scene0419_02-0.05.vox,scene0419_02/scene0419_02.colored_01-0.05.pkl
scene0005_00/scene0005_00-0.05.vox,scene0005_00/scene0005_00.colored_01-0.05.pkl
scene0009_01/scene0009_01-0.05.vox,scene0009_01/scene0009_01.colored_01-0.05.pkl
scene0517_00/scene0517_00-0.05.vox,scene0517_00/scene0517_00.colored_01-0.05.pkl
scene0498_02/scene0498_02-0.05.vox,scene0498_02/scene0498_02.colored_01-0.05.pkl
scene0515_02/scene0515_02-0.05.vox,scene0515_02/scene0515_02.colored_01-0.05.pkl
scene0614_01/scene0614_01-0.05.vox,scene0614_01/scene0614_01.colored_01-0.05.pkl
scene0684_01/scene0684_01-0.05.vox,scene0684_01/scene0684_01.colored_01-0.05.pkl
scene0028_00/scene0028_00-0.05.vox,scene0028_00/scene0028_00.colored_01-0.05.pkl
scene0192_00/scene0192_00-0.05.vox,scene0192_00/scene0192_00.colored_01-0.05.pkl
scene0667_02/scene0667_02-0.05.vox,scene0667_02/scene0667_02.colored_01-0.05.pkl
scene0321_00/scene0321_00-0.05.vox,scene0321_00/scene0321_00.colored_01-0.05.pkl
scene0514_00/scene0514_00-0.05.vox,scene0514_00/scene0514_00.colored_01-0.05.pkl
scene0258_00/scene0258_00-0.05.vox,scene0258_00/scene0258_00.colored_01-0.05.pkl
scene0648_00/scene0648_00-0.05.vox,scene0648_00/scene0648_00.colored_01-0.05.pkl
scene0356_01/scene0356_01-0.05.vox,scene0356_01/scene0356_01.colored_01-0.05.pkl
scene0630_06/scene0630_06-0.05.vox,scene0630_06/scene0630_06.colored_01-0.05.pkl
scene0362_03/scene0362_03-0.05.vox,scene0362_03/scene0362_03.colored_01-0.05.pkl
scene0113_01/scene0113_01-0.05.vox,scene0113_01/scene0113_01.colored_01-0.05.pkl
scene0016_00/scene0016_00-0.05.vox,scene0016_00/scene0016_00.colored_01-0.05.pkl
scene0623_01/scene0623_01-0.05.vox,scene0623_01/scene0623_01.colored_01-0.05.pkl
scene0366_00/scene0366_00-0.05.vox,scene0366_00/scene0366_00.colored_01-0.05.pkl
scene0255_00/scene0255_00-0.05.vox,scene0255_00/scene0255_00.colored_01-0.05.pkl
scene0475_00/scene0475_00-0.05.vox,scene0475_00/scene0475_00.colored_01-0.05.pkl
scene0114_01/scene0114_01-0.05.vox,scene0114_01/scene0114_01.colored_01-0.05.pkl
scene0451_02/scene0451_02-0.05.vox,scene0451_02/scene0451_02.colored_01-0.05.pkl
scene0211_02/scene0211_02-0.05.vox,scene0211_02/scene0211_02.colored_01-0.05.pkl
scene0223_02/scene0223_02-0.05.vox,scene0223_02/scene0223_02.colored_01-0.05.pkl
scene0362_02/scene0362_02-0.05.vox,scene0362_02/scene0362_02.colored_01-0.05.pkl
scene0051_01/scene0051_01-0.05.vox,scene0051_01/scene0051_01.colored_01-0.05.pkl
scene0361_01/scene0361_01-0.05.vox,scene0361_01/scene0361_01.colored_01-0.05.pkl
scene0581_02/scene0581_02-0.05.vox,scene0581_02/scene0581_02.colored_01-0.05.pkl
scene0702_02/scene0702_02-0.05.vox,scene0702_02/scene0702_02.colored_01-0.05.pkl
scene0590_01/scene0590_01-0.05.vox,scene0590_01/scene0590_01.colored_01-0.05.pkl
scene0193_00/scene0193_00-0.05.vox,scene0193_00/scene0193_00.colored_01-0.05.pkl
scene0434_01/scene0434_01-0.05.vox,scene0434_01/scene0434_01.colored_01-0.05.pkl
scene0009_00/scene0009_00-0.05.vox,scene0009_00/scene0009_00.colored_01-0.05.pkl
scene0593_00/scene0593_00-0.05.vox,scene0593_00/scene0593_00.colored_01-0.05.pkl
scene0646_01/scene0646_01-0.05.vox,scene0646_01/scene0646_01.colored_01-0.05.pkl
scene0414_00/scene0414_00-0.05.vox,scene0414_00/scene0414_00.colored_01-0.05.pkl
scene0222_01/scene0222_01-0.05.vox,scene0222_01/scene0222_01.colored_01-0.05.pkl
scene0085_00/scene0085_00-0.05.vox,scene0085_00/scene0085_00.colored_01-0.05.pkl
scene0251_00/scene0251_00-0.05.vox,scene0251_00/scene0251_00.colored_01-0.05.pkl
scene0259_00/scene0259_00-0.05.vox,scene0259_00/scene0259_00.colored_01-0.05.pkl
scene0088_00/scene0088_00-0.05.vox,scene0088_00/scene0088_00.colored_01-0.05.pkl
scene0552_01/scene0552_01-0.05.vox,scene0552_01/scene0552_01.colored_01-0.05.pkl
scene0165_01/scene0165_01-0.05.vox,scene0165_01/scene0165_01.colored_01-0.05.pkl
scene0317_01/scene0317_01-0.05.vox,scene0317_01/scene0317_01.colored_01-0.05.pkl
scene0389_00/scene0389_00-0.05.vox,scene0389_00/scene0389_00.colored_01-0.05.pkl
scene0329_00/scene0329_00-0.05.vox,scene0329_00/scene0329_00.colored_01-0.05.pkl
scene0100_01/scene0100_01-0.05.vox,scene0100_01/scene0100_01.colored_01-0.05.pkl
scene0299_01/scene0299_01-0.05.vox,scene0299_01/scene0299_01.colored_01-0.05.pkl
scene0380_00/scene0380_00-0.05.vox,scene0380_00/scene0380_00.colored_01-0.05.pkl
scene0105_00/scene0105_00-0.05.vox,scene0105_00/scene0105_00.colored_01-0.05.pkl
scene0034_01/scene0034_01-0.05.vox,scene0034_01/scene0034_01.colored_01-0.05.pkl
scene0308_00/scene0308_00-0.05.vox,scene0308_00/scene0308_00.colored_01-0.05.pkl
scene0050_01/scene0050_01-0.05.vox,scene0050_01/scene0050_01.colored_01-0.05.pkl
scene0076_00/scene0076_00-0.05.vox,scene0076_00/scene0076_00.colored_01-0.05.pkl
scene0692_02/scene0692_02-0.05.vox,scene0692_02/scene0692_02.colored_01-0.05.pkl
scene0529_01/scene0529_01-0.05.vox,scene0529_01/scene0529_01.colored_01-0.05.pkl
scene0547_01/scene0547_01-0.05.vox,scene0547_01/scene0547_01.colored_01-0.05.pkl
scene0460_00/scene0460_00-0.05.vox,scene0460_00/scene0460_00.colored_01-0.05.pkl
scene0667_00/scene0667_00-0.05.vox,scene0667_00/scene0667_00.colored_01-0.05.pkl
scene0649_00/scene0649_00-0.05.vox,scene0649_00/scene0649_00.colored_01-0.05.pkl
scene0604_01/scene0604_01-0.05.vox,scene0604_01/scene0604_01.colored_01-0.05.pkl
scene0352_02/scene0352_02-0.05.vox,scene0352_02/scene0352_02.colored_01-0.05.pkl
scene0261_01/scene0261_01-0.05.vox,scene0261_01/scene0261_01.colored_01-0.05.pkl
scene0176_00/scene0176_00-0.05.vox,scene0176_00/scene0176_00.colored_01-0.05.pkl
scene0150_02/scene0150_02-0.05.vox,scene0150_02/scene0150_02.colored_01-0.05.pkl
scene0260_02/scene0260_02-0.05.vox,scene0260_02/scene0260_02.colored_01-0.05.pkl
scene0081_02/scene0081_02-0.05.vox,scene0081_02/scene0081_02.colored_01-0.05.pkl
scene0662_00/scene0662_00-0.05.vox,scene0662_00/scene0662_00.colored_01-0.05.pkl
scene0553_00/scene0553_00-0.05.vox,scene0553_00/scene0553_00.colored_01-0.05.pkl
scene0132_00/scene0132_00-0.05.vox,scene0132_00/scene0132_00.colored_01-0.05.pkl
scene0173_01/scene0173_01-0.05.vox,scene0173_01/scene0173_01.colored_01-0.05.pkl
scene0262_01/scene0262_01-0.05.vox,scene0262_01/scene0262_01.colored_01-0.05.pkl
scene0244_01/scene0244_01-0.05.vox,scene0244_01/scene0244_01.colored_01-0.05.pkl
scene0622_01/scene0622_01-0.05.vox,scene0622_01/scene0622_01.colored_01-0.05.pkl
scene0350_02/scene0350_02-0.05.vox,scene0350_02/scene0350_02.colored_01-0.05.pkl
scene0106_01/scene0106_01-0.05.vox,scene0106_01/scene0106_01.colored_01-0.05.pkl
scene0323_00/scene0323_00-0.05.vox,scene0323_00/scene0323_00.colored_01-0.05.pkl
scene0555_00/scene0555_00-0.05.vox,scene0555_00/scene0555_00.colored_01-0.05.pkl
scene0670_01/scene0670_01-0.05.vox,scene0670_01/scene0670_01.colored_01-0.05.pkl
scene0102_00/scene0102_00-0.05.vox,scene0102_00/scene0102_00.colored_01-0.05.pkl
scene0650_00/scene0650_00-0.05.vox,scene0650_00/scene0650_00.colored_01-0.05.pkl
scene0463_00/scene0463_00-0.05.vox,scene0463_00/scene0463_00.colored_01-0.05.pkl
scene0412_01/scene0412_01-0.05.vox,scene0412_01/scene0412_01.colored_01-0.05.pkl
scene0020_01/scene0020_01-0.05.vox,scene0020_01/scene0020_01.colored_01-0.05.pkl
scene0203_00/scene0203_00-0.05.vox,scene0203_00/scene0203_00.colored_01-0.05.pkl
scene0630_00/scene0630_00-0.05.vox,scene0630_00/scene0630_00.colored_01-0.05.pkl
scene0706_00/scene0706_00-0.05.vox,scene0706_00/scene0706_00.colored_01-0.05.pkl
scene0080_02/scene0080_02-0.05.vox,scene0080_02/scene0080_02.colored_01-0.05.pkl
scene0163_00/scene0163_00-0.05.vox,scene0163_00/scene0163_00.colored_01-0.05.pkl
scene0119_00/scene0119_00-0.05.vox,scene0119_00/scene0119_00.colored_01-0.05.pkl
scene0034_02/scene0034_02-0.05.vox,scene0034_02/scene0034_02.colored_01-0.05.pkl
scene0256_02/scene0256_02-0.05.vox,scene0256_02/scene0256_02.colored_01-0.05.pkl
scene0266_00/scene0266_00-0.05.vox,scene0266_00/scene0266_00.colored_01-0.05.pkl
scene0587_03/scene0587_03-0.05.vox,scene0587_03/scene0587_03.colored_01-0.05.pkl
scene0226_00/scene0226_00-0.05.vox,scene0226_00/scene0226_00.colored_01-0.05.pkl
scene0610_01/scene0610_01-0.05.vox,scene0610_01/scene0610_01.colored_01-0.05.pkl
scene0300_00/scene0300_00-0.05.vox,scene0300_00/scene0300_00.colored_01-0.05.pkl
scene0101_00/scene0101_00-0.05.vox,scene0101_00/scene0101_00.colored_01-0.05.pkl
scene0212_02/scene0212_02-0.05.vox,scene0212_02/scene0212_02.colored_01-0.05.pkl
scene0572_01/scene0572_01-0.05.vox,scene0572_01/scene0572_01.colored_01-0.05.pkl
scene0338_00/scene0338_00-0.05.vox,scene0338_00/scene0338_00.colored_01-0.05.pkl
scene0625_01/scene0625_01-0.05.vox,scene0625_01/scene0625_01.colored_01-0.05.pkl
scene0419_01/scene0419_01-0.05.vox,scene0419_01/scene0419_01.colored_01-0.05.pkl
scene0617_00/scene0617_00-0.05.vox,scene0617_00/scene0617_00.colored_01-0.05.pkl
scene0338_01/scene0338_01-0.05.vox,scene0338_01/scene0338_01.colored_01-0.05.pkl
scene0571_01/scene0571_01-0.05.vox,scene0571_01/scene0571_01.colored_01-0.05.pkl
scene0477_00/scene0477_00-0.05.vox,scene0477_00/scene0477_00.colored_01-0.05.pkl
scene0374_00/scene0374_00-0.05.vox,scene0374_00/scene0374_00.colored_01-0.05.pkl
scene0353_02/scene0353_02-0.05.vox,scene0353_02/scene0353_02.colored_01-0.05.pkl
scene0096_02/scene0096_02-0.05.vox,scene0096_02/scene0096_02.colored_01-0.05.pkl
scene0393_01/scene0393_01-0.05.vox,scene0393_01/scene0393_01.colored_01-0.05.pkl
scene0356_00/scene0356_00-0.05.vox,scene0356_00/scene0356_00.colored_01-0.05.pkl
scene0536_01/scene0536_01-0.05.vox,scene0536_01/scene0536_01.colored_01-0.05.pkl
scene0156_00/scene0156_00-0.05.vox,scene0156_00/scene0156_00.colored_01-0.05.pkl
scene0432_00/scene0432_00-0.05.vox,scene0432_00/scene0432_00.colored_01-0.05.pkl
scene0098_01/scene0098_01-0.05.vox,scene0098_01/scene0098_01.colored_01-0.05.pkl
scene0101_05/scene0101_05-0.05.vox,scene0101_05/scene0101_05.colored_01-0.05.pkl
scene0203_01/scene0203_01-0.05.vox,scene0203_01/scene0203_01.colored_01-0.05.pkl
scene0523_01/scene0523_01-0.05.vox,scene0523_01/scene0523_01.colored_01-0.05.pkl
scene0103_00/scene0103_00-0.05.vox,scene0103_00/scene0103_00.colored_01-0.05.pkl
scene0499_00/scene0499_00-0.05.vox,scene0499_00/scene0499_00.colored_01-0.05.pkl
scene0278_00/scene0278_00-0.05.vox,scene0278_00/scene0278_00.colored_01-0.05.pkl
scene0541_02/scene0541_02-0.05.vox,scene0541_02/scene0541_02.colored_01-0.05.pkl
scene0656_03/scene0656_03-0.05.vox,scene0656_03/scene0656_03.colored_01-0.05.pkl
scene0195_01/scene0195_01-0.05.vox,scene0195_01/scene0195_01.colored_01-0.05.pkl
scene0121_02/scene0121_02-0.05.vox,scene0121_02/scene0121_02.colored_01-0.05.pkl
scene0105_01/scene0105_01-0.05.vox,scene0105_01/scene0105_01.colored_01-0.05.pkl
scene0003_00/scene0003_00-0.05.vox,scene0003_00/scene0003_00.colored_01-0.05.pkl
scene0588_01/scene0588_01-0.05.vox,scene0588_01/scene0588_01.colored_01-0.05.pkl
scene0164_00/scene0164_00-0.05.vox,scene0164_00/scene0164_00.colored_01-0.05.pkl
scene0657_00/scene0657_00-0.05.vox,scene0657_00/scene0657_00.colored_01-0.05.pkl
scene0667_01/scene0667_01-0.05.vox,scene0667_01/scene0667_01.colored_01-0.05.pkl
scene0427_00/scene0427_00-0.05.vox,scene0427_00/scene0427_00.colored_01-0.05.pkl
scene0063_00/scene0063_00-0.05.vox,scene0063_00/scene0063_00.colored_01-0.05.pkl
scene0640_02/scene0640_02-0.05.vox,scene0640_02/scene0640_02.colored_01-0.05.pkl
scene0220_02/scene0220_02-0.05.vox,scene0220_02/scene0220_02.colored_01-0.05.pkl
scene0665_01/scene0665_01-0.05.vox,scene0665_01/scene0665_01.colored_01-0.05.pkl
scene0231_01/scene0231_01-0.05.vox,scene0231_01/scene0231_01.colored_01-0.05.pkl
scene0269_01/scene0269_01-0.05.vox,scene0269_01/scene0269_01.colored_01-0.05.pkl
scene0596_02/scene0596_02-0.05.vox,scene0596_02/scene0596_02.colored_01-0.05.pkl
scene0282_00/scene0282_00-0.05.vox,scene0282_00/scene0282_00.colored_01-0.05.pkl
scene0280_00/scene0280_00-0.05.vox,scene0280_00/scene0280_00.colored_01-0.05.pkl
scene0097_00/scene0097_00-0.05.vox,scene0097_00/scene0097_00.colored_01-0.05.pkl
scene0665_00/scene0665_00-0.05.vox,scene0665_00/scene0665_00.colored_01-0.05.pkl
scene0447_01/scene0447_01-0.05.vox,scene0447_01/scene0447_01.colored_01-0.05.pkl
scene0051_03/scene0051_03-0.05.vox,scene0051_03/scene0051_03.colored_01-0.05.pkl
scene0086_01/scene0086_01-0.05.vox,scene0086_01/scene0086_01.colored_01-0.05.pkl
scene0548_01/scene0548_01-0.05.vox,scene0548_01/scene0548_01.colored_01-0.05.pkl
scene0031_01/scene0031_01-0.05.vox,scene0031_01/scene0031_01.colored_01-0.05.pkl
scene0558_01/scene0558_01-0.05.vox,scene0558_01/scene0558_01.colored_01-0.05.pkl
scene0685_01/scene0685_01-0.05.vox,scene0685_01/scene0685_01.colored_01-0.05.pkl
scene0289_00/scene0289_00-0.05.vox,scene0289_00/scene0289_00.colored_01-0.05.pkl
scene0305_01/scene0305_01-0.05.vox,scene0305_01/scene0305_01.colored_01-0.05.pkl
scene0084_01/scene0084_01-0.05.vox,scene0084_01/scene0084_01.colored_01-0.05.pkl
scene0178_00/scene0178_00-0.05.vox,scene0178_00/scene0178_00.colored_01-0.05.pkl
scene0143_02/scene0143_02-0.05.vox,scene0143_02/scene0143_02.colored_01-0.05.pkl
scene0322_00/scene0322_00-0.05.vox,scene0322_00/scene0322_00.colored_01-0.05.pkl
scene0548_00/scene0548_00-0.05.vox,scene0548_00/scene0548_00.colored_01-0.05.pkl
scene0574_01/scene0574_01-0.05.vox,scene0574_01/scene0574_01.colored_01-0.05.pkl
scene0078_01/scene0078_01-0.05.vox,scene0078_01/scene0078_01.colored_01-0.05.pkl
scene0056_01/scene0056_01-0.05.vox,scene0056_01/scene0056_01.colored_01-0.05.pkl
scene0358_02/scene0358_02-0.05.vox,scene0358_02/scene0358_02.colored_01-0.05.pkl
scene0385_02/scene0385_02-0.05.vox,scene0385_02/scene0385_02.colored_01-0.05.pkl
scene0581_01/scene0581_01-0.05.vox,scene0581_01/scene0581_01.colored_01-0.05.pkl
scene0468_01/scene0468_01-0.05.vox,scene0468_01/scene0468_01.colored_01-0.05.pkl
scene0059_00/scene0059_00-0.05.vox,scene0059_00/scene0059_00.colored_01-0.05.pkl
scene0110_02/scene0110_02-0.05.vox,scene0110_02/scene0110_02.colored_01-0.05.pkl
scene0248_01/scene0248_01-0.05.vox,scene0248_01/scene0248_01.colored_01-0.05.pkl
scene0468_02/scene0468_02-0.05.vox,scene0468_02/scene0468_02.colored_01-0.05.pkl
scene0078_00/scene0078_00-0.05.vox,scene0078_00/scene0078_00.colored_01-0.05.pkl
scene0012_01/scene0012_01-0.05.vox,scene0012_01/scene0012_01.colored_01-0.05.pkl
scene0245_00/scene0245_00-0.05.vox,scene0245_00/scene0245_00.colored_01-0.05.pkl
scene0116_02/scene0116_02-0.05.vox,scene0116_02/scene0116_02.colored_01-0.05.pkl
scene0074_01/scene0074_01-0.05.vox,scene0074_01/scene0074_01.colored_01-0.05.pkl
scene0324_00/scene0324_00-0.05.vox,scene0324_00/scene0324_00.colored_01-0.05.pkl
scene0425_00/scene0425_00-0.05.vox,scene0425_00/scene0425_00.colored_01-0.05.pkl
scene0294_01/scene0294_01-0.05.vox,scene0294_01/scene0294_01.colored_01-0.05.pkl
scene0539_02/scene0539_02-0.05.vox,scene0539_02/scene0539_02.colored_01-0.05.pkl
scene0406_02/scene0406_02-0.05.vox,scene0406_02/scene0406_02.colored_01-0.05.pkl
scene0241_01/scene0241_01-0.05.vox,scene0241_01/scene0241_01.colored_01-0.05.pkl
scene0051_02/scene0051_02-0.05.vox,scene0051_02/scene0051_02.colored_01-0.05.pkl
scene0298_00/scene0298_00-0.05.vox,scene0298_00/scene0298_00.colored_01-0.05.pkl
scene0160_01/scene0160_01-0.05.vox,scene0160_01/scene0160_01.colored_01-0.05.pkl
scene0524_00/scene0524_00-0.05.vox,scene0524_00/scene0524_00.colored_01-0.05.pkl
scene0369_00/scene0369_00-0.05.vox,scene0369_00/scene0369_00.colored_01-0.05.pkl
scene0524_01/scene0524_01-0.05.vox,scene0524_01/scene0524_01.colored_01-0.05.pkl
scene0109_01/scene0109_01-0.05.vox,scene0109_01/scene0109_01.colored_01-0.05.pkl
scene0694_00/scene0694_00-0.05.vox,scene0694_00/scene0694_00.colored_01-0.05.pkl
scene0498_01/scene0498_01-0.05.vox,scene0498_01/scene0498_01.colored_01-0.05.pkl
scene0416_04/scene0416_04-0.05.vox,scene0416_04/scene0416_04.colored_01-0.05.pkl
scene0270_00/scene0270_00-0.05.vox,scene0270_00/scene0270_00.colored_01-0.05.pkl
scene0642_00/scene0642_00-0.05.vox,scene0642_00/scene0642_00.colored_01-0.05.pkl
scene0204_02/scene0204_02-0.05.vox,scene0204_02/scene0204_02.colored_01-0.05.pkl
scene0384_00/scene0384_00-0.05.vox,scene0384_00/scene0384_00.colored_01-0.05.pkl
scene0541_01/scene0541_01-0.05.vox,scene0541_01/scene0541_01.colored_01-0.05.pkl
scene0293_01/scene0293_01-0.05.vox,scene0293_01/scene0293_01.colored_01-0.05.pkl
scene0548_02/scene0548_02-0.05.vox,scene0548_02/scene0548_02.colored_01-0.05.pkl
scene0286_00/scene0286_00-0.05.vox,scene0286_00/scene0286_00.colored_01-0.05.pkl
scene0329_02/scene0329_02-0.05.vox,scene0329_02/scene0329_02.colored_01-0.05.pkl
scene0699_00/scene0699_00-0.05.vox,scene0699_00/scene0699_00.colored_01-0.05.pkl
scene0036_01/scene0036_01-0.05.vox,scene0036_01/scene0036_01.colored_01-0.05.pkl
scene0423_00/scene0423_00-0.05.vox,scene0423_00/scene0423_00.colored_01-0.05.pkl
scene0509_02/scene0509_02-0.05.vox,scene0509_02/scene0509_02.colored_01-0.05.pkl
scene0272_00/scene0272_00-0.05.vox,scene0272_00/scene0272_00.colored_01-0.05.pkl
scene0474_01/scene0474_01-0.05.vox,scene0474_01/scene0474_01.colored_01-0.05.pkl
scene0328_00/scene0328_00-0.05.vox,scene0328_00/scene0328_00.colored_01-0.05.pkl
scene0486_00/scene0486_00-0.05.vox,scene0486_00/scene0486_00.colored_01-0.05.pkl
scene0099_00/scene0099_00-0.05.vox,scene0099_00/scene0099_00.colored_01-0.05.pkl
scene0046_02/scene0046_02-0.05.vox,scene0046_02/scene0046_02.colored_01-0.05.pkl
scene0435_02/scene0435_02-0.05.vox,scene0435_02/scene0435_02.colored_01-0.05.pkl
scene0255_02/scene0255_02-0.05.vox,scene0255_02/scene0255_02.colored_01-0.05.pkl
scene0340_01/scene0340_01-0.05.vox,scene0340_01/scene0340_01.colored_01-0.05.pkl
scene0568_02/scene0568_02-0.05.vox,scene0568_02/scene0568_02.colored_01-0.05.pkl
scene0543_02/scene0543_02-0.05.vox,scene0543_02/scene0543_02.colored_01-0.05.pkl
scene0065_02/scene0065_02-0.05.vox,scene0065_02/scene0065_02.colored_01-0.05.pkl
scene0696_00/scene0696_00-0.05.vox,scene0696_00/scene0696_00.colored_01-0.05.pkl
scene0280_02/scene0280_02-0.05.vox,scene0280_02/scene0280_02.colored_01-0.05.pkl
scene0225_00/scene0225_00-0.05.vox,scene0225_00/scene0225_00.colored_01-0.05.pkl
scene0580_00/scene0580_00-0.05.vox,scene0580_00/scene0580_00.colored_01-0.05.pkl
scene0086_02/scene0086_02-0.05.vox,scene0086_02/scene0086_02.colored_01-0.05.pkl
scene0288_00/scene0288_00-0.05.vox,scene0288_00/scene0288_00.colored_01-0.05.pkl
scene0169_00/scene0169_00-0.05.vox,scene0169_00/scene0169_00.colored_01-0.05.pkl
scene0353_00/scene0353_00-0.05.vox,scene0353_00/scene0353_00.colored_01-0.05.pkl
scene0481_01/scene0481_01-0.05.vox,scene0481_01/scene0481_01.colored_01-0.05.pkl
scene0542_00/scene0542_00-0.05.vox,scene0542_00/scene0542_00.colored_01-0.05.pkl
scene0504_00/scene0504_00-0.05.vox,scene0504_00/scene0504_00.colored_01-0.05.pkl
scene0030_02/scene0030_02-0.05.vox,scene0030_02/scene0030_02.colored_01-0.05.pkl
scene0320_03/scene0320_03-0.05.vox,scene0320_03/scene0320_03.colored_01-0.05.pkl
scene0383_01/scene0383_01-0.05.vox,scene0383_01/scene0383_01.colored_01-0.05.pkl
scene0445_00/scene0445_00-0.05.vox,scene0445_00/scene0445_00.colored_01-0.05.pkl
scene0002_00/scene0002_00-0.05.vox,scene0002_00/scene0002_00.colored_01-0.05.pkl
scene0111_02/scene0111_02-0.05.vox,scene0111_02/scene0111_02.colored_01-0.05.pkl
scene0573_00/scene0573_00-0.05.vox,scene0573_00/scene0573_00.colored_01-0.05.pkl
scene0600_00/scene0600_00-0.05.vox,scene0600_00/scene0600_00.colored_01-0.05.pkl
scene0687_00/scene0687_00-0.05.vox,scene0687_00/scene0687_00.colored_01-0.05.pkl
scene0077_00/scene0077_00-0.05.vox,scene0077_00/scene0077_00.colored_01-0.05.pkl
scene0356_02/scene0356_02-0.05.vox,scene0356_02/scene0356_02.colored_01-0.05.pkl
scene0065_01/scene0065_01-0.05.vox,scene0065_01/scene0065_01.colored_01-0.05.pkl
scene0061_00/scene0061_00-0.05.vox,scene0061_00/scene0061_00.colored_01-0.05.pkl
scene0437_00/scene0437_00-0.05.vox,scene0437_00/scene0437_00.colored_01-0.05.pkl
scene0358_01/scene0358_01-0.05.vox,scene0358_01/scene0358_01.colored_01-0.05.pkl
scene0155_00/scene0155_00-0.05.vox,scene0155_00/scene0155_00.colored_01-0.05.pkl
scene0352_00/scene0352_00-0.05.vox,scene0352_00/scene0352_00.colored_01-0.05.pkl
scene0455_00/scene0455_00-0.05.vox,scene0455_00/scene0455_00.colored_01-0.05.pkl
scene0200_00/scene0200_00-0.05.vox,scene0200_00/scene0200_00.colored_01-0.05.pkl
scene0319_00/scene0319_00-0.05.vox,scene0319_00/scene0319_00.colored_01-0.05.pkl
scene0098_00/scene0098_00-0.05.vox,scene0098_00/scene0098_00.colored_01-0.05.pkl
scene0264_02/scene0264_02-0.05.vox,scene0264_02/scene0264_02.colored_01-0.05.pkl
scene0658_00/scene0658_00-0.05.vox,scene0658_00/scene0658_00.colored_01-0.05.pkl
scene0211_03/scene0211_03-0.05.vox,scene0211_03/scene0211_03.colored_01-0.05.pkl
scene0585_00/scene0585_00-0.05.vox,scene0585_00/scene0585_00.colored_01-0.05.pkl
scene0191_01/scene0191_01-0.05.vox,scene0191_01/scene0191_01.colored_01-0.05.pkl
scene0269_00/scene0269_00-0.05.vox,scene0269_00/scene0269_00.colored_01-0.05.pkl
scene0458_00/scene0458_00-0.05.vox,scene0458_00/scene0458_00.colored_01-0.05.pkl
scene0088_03/scene0088_03-0.05.vox,scene0088_03/scene0088_03.colored_01-0.05.pkl
scene0583_01/scene0583_01-0.05.vox,scene0583_01/scene0583_01.colored_01-0.05.pkl
scene0452_00/scene0452_00-0.05.vox,scene0452_00/scene0452_00.colored_01-0.05.pkl
scene0529_00/scene0529_00-0.05.vox,scene0529_00/scene0529_00.colored_01-0.05.pkl
scene0239_02/scene0239_02-0.05.vox,scene0239_02/scene0239_02.colored_01-0.05.pkl
scene0104_00/scene0104_00-0.05.vox,scene0104_00/scene0104_00.colored_01-0.05.pkl
scene0006_00/scene0006_00-0.05.vox,scene0006_00/scene0006_00.colored_01-0.05.pkl
scene0009_02/scene0009_02-0.05.vox,scene0009_02/scene0009_02.colored_01-0.05.pkl
scene0115_00/scene0115_00-0.05.vox,scene0115_00/scene0115_00.colored_01-0.05.pkl
scene0056_00/scene0056_00-0.05.vox,scene0056_00/scene0056_00.colored_01-0.05.pkl
scene0345_01/scene0345_01-0.05.vox,scene0345_01/scene0345_01.colored_01-0.05.pkl
scene0039_00/scene0039_00-0.05.vox,scene0039_00/scene0039_00.colored_01-0.05.pkl
scene0561_01/scene0561_01-0.05.vox,scene0561_01/scene0561_01.colored_01-0.05.pkl
scene0085_01/scene0085_01-0.05.vox,scene0085_01/scene0085_01.colored_01-0.05.pkl
scene0101_04/scene0101_04-0.05.vox,scene0101_04/scene0101_04.colored_01-0.05.pkl
scene0516_00/scene0516_00-0.05.vox,scene0516_00/scene0516_00.colored_01-0.05.pkl
scene0545_01/scene0545_01-0.05.vox,scene0545_01/scene0545_01.colored_01-0.05.pkl
scene0283_00/scene0283_00-0.05.vox,scene0283_00/scene0283_00.colored_01-0.05.pkl
scene0346_01/scene0346_01-0.05.vox,scene0346_01/scene0346_01.colored_01-0.05.pkl
scene0448_01/scene0448_01-0.05.vox,scene0448_01/scene0448_01.colored_01-0.05.pkl
scene0453_00/scene0453_00-0.05.vox,scene0453_00/scene0453_00.colored_01-0.05.pkl
scene0489_00/scene0489_00-0.05.vox,scene0489_00/scene0489_00.colored_01-0.05.pkl
scene0525_00/scene0525_00-0.05.vox,scene0525_00/scene0525_00.colored_01-0.05.pkl
scene0133_00/scene0133_00-0.05.vox,scene0133_00/scene0133_00.colored_01-0.05.pkl
scene0341_00/scene0341_00-0.05.vox,scene0341_00/scene0341_00.colored_01-0.05.pkl
scene0215_01/scene0215_01-0.05.vox,scene0215_01/scene0215_01.colored_01-0.05.pkl
scene0163_01/scene0163_01-0.05.vox,scene0163_01/scene0163_01.colored_01-0.05.pkl
scene0370_00/scene0370_00-0.05.vox,scene0370_00/scene0370_00.colored_01-0.05.pkl
scene0162_00/scene0162_00-0.05.vox,scene0162_00/scene0162_00.colored_01-0.05.pkl
scene0210_00/scene0210_00-0.05.vox,scene0210_00/scene0210_00.colored_01-0.05.pkl
scene0600_01/scene0600_01-0.05.vox,scene0600_01/scene0600_01.colored_01-0.05.pkl
scene0496_00/scene0496_00-0.05.vox,scene0496_00/scene0496_00.colored_01-0.05.pkl
scene0223_01/scene0223_01-0.05.vox,scene0223_01/scene0223_01.colored_01-0.05.pkl
scene0448_02/scene0448_02-0.05.vox,scene0448_02/scene0448_02.colored_01-0.05.pkl
scene0423_01/scene0423_01-0.05.vox,scene0423_01/scene0423_01.colored_01-0.05.pkl
scene0242_01/scene0242_01-0.05.vox,scene0242_01/scene0242_01.colored_01-0.05.pkl
scene0364_00/scene0364_00-0.05.vox,scene0364_00/scene0364_00.colored_01-0.05.pkl
scene0065_00/scene0065_00-0.05.vox,scene0065_00/scene0065_00.colored_01-0.05.pkl
scene0294_00/scene0294_00-0.05.vox,scene0294_00/scene0294_00.colored_01-0.05.pkl
scene0590_00/scene0590_00-0.05.vox,scene0590_00/scene0590_00.colored_01-0.05.pkl
scene0651_00/scene0651_00-0.05.vox,scene0651_00/scene0651_00.colored_01-0.05.pkl
scene0629_02/scene0629_02-0.05.vox,scene0629_02/scene0629_02.colored_01-0.05.pkl
scene0186_01/scene0186_01-0.05.vox,scene0186_01/scene0186_01.colored_01-0.05.pkl
scene0692_03/scene0692_03-0.05.vox,scene0692_03/scene0692_03.colored_01-0.05.pkl
scene0479_00/scene0479_00-0.05.vox,scene0479_00/scene0479_00.colored_01-0.05.pkl
scene0661_00/scene0661_00-0.05.vox,scene0661_00/scene0661_00.colored_01-0.05.pkl
scene0697_00/scene0697_00-0.05.vox,scene0697_00/scene0697_00.colored_01-0.05.pkl
scene0646_02/scene0646_02-0.05.vox,scene0646_02/scene0646_02.colored_01-0.05.pkl
scene0160_02/scene0160_02-0.05.vox,scene0160_02/scene0160_02.colored_01-0.05.pkl
scene0057_01/scene0057_01-0.05.vox,scene0057_01/scene0057_01.colored_01-0.05.pkl
scene0696_01/scene0696_01-0.05.vox,scene0696_01/scene0696_01.colored_01-0.05.pkl
scene0161_01/scene0161_01-0.05.vox,scene0161_01/scene0161_01.colored_01-0.05.pkl
scene0142_00/scene0142_00-0.05.vox,scene0142_00/scene0142_00.colored_01-0.05.pkl
scene0470_00/scene0470_00-0.05.vox,scene0470_00/scene0470_00.colored_01-0.05.pkl
scene0434_00/scene0434_00-0.05.vox,scene0434_00/scene0434_00.colored_01-0.05.pkl
scene0640_00/scene0640_00-0.05.vox,scene0640_00/scene0640_00.colored_01-0.05.pkl
scene0569_00/scene0569_00-0.05.vox,scene0569_00/scene0569_00.colored_01-0.05.pkl
scene0329_01/scene0329_01-0.05.vox,scene0329_01/scene0329_01.colored_01-0.05.pkl
scene0616_00/scene0616_00-0.05.vox,scene0616_00/scene0616_00.colored_01-0.05.pkl
scene0631_01/scene0631_01-0.05.vox,scene0631_01/scene0631_01.colored_01-0.05.pkl
scene0656_02/scene0656_02-0.05.vox,scene0656_02/scene0656_02.colored_01-0.05.pkl
scene0564_00/scene0564_00-0.05.vox,scene0564_00/scene0564_00.colored_01-0.05.pkl
scene0360_00/scene0360_00-0.05.vox,scene0360_00/scene0360_00.colored_01-0.05.pkl
scene0447_02/scene0447_02-0.05.vox,scene0447_02/scene0447_02.colored_01-0.05.pkl
scene0354_00/scene0354_00-0.05.vox,scene0354_00/scene0354_00.colored_01-0.05.pkl
scene0181_01/scene0181_01-0.05.vox,scene0181_01/scene0181_01.colored_01-0.05.pkl
scene0510_02/scene0510_02-0.05.vox,scene0510_02/scene0510_02.colored_01-0.05.pkl
scene0220_01/scene0220_01-0.05.vox,scene0220_01/scene0220_01.colored_01-0.05.pkl
scene0347_00/scene0347_00-0.05.vox,scene0347_00/scene0347_00.colored_01-0.05.pkl
scene0032_01/scene0032_01-0.05.vox,scene0032_01/scene0032_01.colored_01-0.05.pkl
scene0451_01/scene0451_01-0.05.vox,scene0451_01/scene0451_01.colored_01-0.05.pkl
scene0160_00/scene0160_00-0.05.vox,scene0160_00/scene0160_00.colored_01-0.05.pkl
scene0575_01/scene0575_01-0.05.vox,scene0575_01/scene0575_01.colored_01-0.05.pkl
scene0291_02/scene0291_02-0.05.vox,scene0291_02/scene0291_02.colored_01-0.05.pkl
scene0239_00/scene0239_00-0.05.vox,scene0239_00/scene0239_00.colored_01-0.05.pkl
scene0648_01/scene0648_01-0.05.vox,scene0648_01/scene0648_01.colored_01-0.05.pkl
scene0570_02/scene0570_02-0.05.vox,scene0570_02/scene0570_02.colored_01-0.05.pkl
scene0642_01/scene0642_01-0.05.vox,scene0642_01/scene0642_01.colored_01-0.05.pkl
scene0052_01/scene0052_01-0.05.vox,scene0052_01/scene0052_01.colored_01-0.05.pkl
scene0111_01/scene0111_01-0.05.vox,scene0111_01/scene0111_01.colored_01-0.05.pkl
scene0305_00/scene0305_00-0.05.vox,scene0305_00/scene0305_00.colored_01-0.05.pkl
scene0395_02/scene0395_02-0.05.vox,scene0395_02/scene0395_02.colored_01-0.05.pkl
scene0566_00/scene0566_00-0.05.vox,scene0566_00/scene0566_00.colored_01-0.05.pkl
scene0616_01/scene0616_01-0.05.vox,scene0616_01/scene0616_01.colored_01-0.05.pkl
scene0079_01/scene0079_01-0.05.vox,scene0079_01/scene0079_01.colored_01-0.05.pkl
